feature,first_appearance_version,first_appearance_date,first_appearance_status,first_unstable_version,first_unstable_date,last_unstable_version,last_unstable_date,stabilized_version,stabilized_date,removed_version,removed_date,latest_status,latest_version,latest_version_date
aarch64_target_feature,1.61.0,2022-05-19,accepted,1.61.0,2022-05-19,,,1.61.0,2022-05-19,,,accepted,1.61.0,2022-05-19
aarch64_unstable_target_feature,1.82.0,2024-10-17,unstable,1.82.0,2024-10-17,1.91.1,2025-11-10,,,,,unstable,1.91.1,2025-11-10
aarch64_ver_target_feature,1.75.0,2023-12-28,unstable,1.75.0,2023-12-28,1.91.1,2025-11-10,,,,,unstable,1.91.1,2025-11-10
abi_amdgpu_kernel,1.75.0,2023-12-28,unstable,1.75.0,2023-12-28,1.76.0,2024-02-08,,,1.77.0,2024-03-21,removed,1.77.0,2024-03-21
abi_avr_interrupt,1.75.0,2023-12-28,unstable,1.75.0,2023-12-28,1.91.1,2025-11-10,,,,,unstable,1.91.1,2025-11-10
abi_c_cmse_nonsecure_call,1.75.0,2023-12-28,unstable,1.75.0,2023-12-28,1.89.0,2025-08-07,,,1.90.0,2025-09-18,removed,1.90.0,2025-09-18
abi_cmse_nonsecure_call,1.90.0,2025-09-18,unstable,1.90.0,2025-09-18,1.91.1,2025-11-10,,,,,unstable,1.91.1,2025-11-10
abi_custom,1.89.0,2025-08-07,unstable,1.89.0,2025-08-07,1.91.1,2025-11-10,,,,,unstable,1.91.1,2025-11-10
abi_efiapi,1.68.0,2023-03-09,accepted,1.68.0,2023-03-09,,,1.68.0,2023-03-09,,,accepted,1.68.0,2023-03-09
abi_gpu_kernel,1.86.0,2025-04-03,unstable,1.86.0,2025-04-03,1.91.1,2025-11-10,,,,,unstable,1.91.1,2025-11-10
abi_msp430_interrupt,1.75.0,2023-12-28,unstable,1.75.0,2023-12-28,1.91.1,2025-11-10,,,,,unstable,1.91.1,2025-11-10
abi_ptx,1.75.0,2023-12-28,unstable,1.75.0,2023-12-28,1.91.1,2025-11-10,,,,,unstable,1.91.1,2025-11-10
abi_riscv_interrupt,1.75.0,2023-12-28,unstable,1.75.0,2023-12-28,1.91.1,2025-11-10,,,,,unstable,1.91.1,2025-11-10
abi_sysv64,1.24.0,2018-02-15,accepted,1.24.0,2018-02-15,,,1.24.0,2018-02-15,,,accepted,1.24.0,2018-02-15
abi_thiscall,1.73.0,2023-10-05,accepted,1.73.0,2023-10-05,,,1.73.0,2023-10-05,,,accepted,1.73.0,2023-10-05
abi_unadjusted,1.75.0,2023-12-28,unstable,1.75.0,2023-12-28,1.91.1,2025-11-10,,,,,internal,1.91.1,2025-11-10
abi_vectorcall,1.75.0,2023-12-28,unstable,1.75.0,2023-12-28,1.91.1,2025-11-10,,,,,unstable,1.91.1,2025-11-10
abi_x86_interrupt,1.75.0,2023-12-28,unstable,1.75.0,2023-12-28,1.91.1,2025-11-10,,,,,unstable,1.91.1,2025-11-10
adt_const_params,1.75.0,2023-12-28,incomplete,1.75.0,2023-12-28,1.91.1,2025-11-10,,,,,unstable,1.91.1,2025-11-10
advanced_slice_patterns,1.0.0,2015-05-15,removed,1.0.0,2015-05-15,,,,,1.0.0,2015-05-15,removed,1.42.0,2020-03-12
adx_target_feature,1.61.0,2022-05-19,accepted,1.61.0,2022-05-19,,,1.61.0,2022-05-19,,,accepted,1.61.0,2022-05-19
alloc_error_handler,1.75.0,2023-12-28,unstable,1.75.0,2023-12-28,1.91.1,2025-11-10,,,,,unstable,1.91.1,2025-11-10
allocator,1.0.0,2015-05-15,removed,1.0.0,2015-05-15,,,,,1.0.0,2015-05-15,removed,1.0.0,2015-05-15
allocator_internals,1.75.0,2023-12-28,internal,1.75.0,2023-12-28,1.91.1,2025-11-10,,,,,internal,1.91.1,2025-11-10
allow_fail,1.19.0,2017-07-20,removed,1.19.0,2017-07-20,,,,,1.19.0,2017-07-20,removed,1.60.0,2022-04-07
allow_internal_unsafe,1.75.0,2023-12-28,internal,1.75.0,2023-12-28,1.91.1,2025-11-10,,,,,internal,1.91.1,2025-11-10
allow_internal_unstable,1.75.0,2023-12-28,internal,1.75.0,2023-12-28,1.91.1,2025-11-10,,,,,internal,1.91.1,2025-11-10
anonymous_lifetime_in_impl_trait,1.75.0,2023-12-28,unstable,1.75.0,2023-12-28,1.91.1,2025-11-10,,,,,unstable,1.91.1,2025-11-10
apx_target_feature,1.88.0,2025-06-26,unstable,1.88.0,2025-06-26,1.91.1,2025-11-10,,,,,unstable,1.91.1,2025-11-10
arbitrary_enum_discriminant,1.66.0,2022-12-15,accepted,1.66.0,2022-12-15,,,1.66.0,2022-12-15,,,accepted,1.66.0,2022-12-15
arbitrary_self_types,1.75.0,2023-12-28,unstable,1.75.0,2023-12-28,1.91.1,2025-11-10,,,,,unstable,1.91.1,2025-11-10
arbitrary_self_types_pointers,1.83.0,2024-11-28,unstable,1.83.0,2024-11-28,1.91.1,2025-11-10,,,,,unstable,1.91.1,2025-11-10
arm_target_feature,1.75.0,2023-12-28,unstable,1.75.0,2023-12-28,1.91.1,2025-11-10,,,,,unstable,1.91.1,2025-11-10
asm_cfg,1.89.0,2025-08-07,unstable,1.89.0,2025-08-07,1.91.1,2025-11-10,,,,,unstable,1.91.1,2025-11-10
asm_const,1.75.0,2023-12-28,unstable,1.75.0,2023-12-28,1.81.0,2024-09-05,1.82.0,2024-10-17,,,accepted,1.82.0,2024-10-17
asm_experimental_arch,1.75.0,2023-12-28,unstable,1.75.0,2023-12-28,1.91.1,2025-11-10,,,,,unstable,1.91.1,2025-11-10
asm_experimental_reg,1.85.0,2025-02-20,unstable,1.85.0,2025-02-20,1.91.1,2025-11-10,,,,,unstable,1.91.1,2025-11-10
asm_goto,1.78.0,2024-05-02,unstable,1.78.0,2024-05-02,1.86.0,2025-04-03,1.87.0,2025-05-15,,,accepted,1.87.0,2025-05-15
asm_goto_with_outputs,1.85.0,2025-02-20,unstable,1.85.0,2025-02-20,1.91.1,2025-11-10,,,,,unstable,1.91.1,2025-11-10
asm_sym,1.66.0,2022-12-15,accepted,1.66.0,2022-12-15,,,1.66.0,2022-12-15,,,accepted,1.66.0,2022-12-15
asm_unwind,1.75.0,2023-12-28,unstable,1.75.0,2023-12-28,1.91.1,2025-11-10,,,,,unstable,1.91.1,2025-11-10
associated_const_equality,1.75.0,2023-12-28,unstable,1.75.0,2023-12-28,1.91.1,2025-11-10,,,,,unstable,1.91.1,2025-11-10
associated_consts,1.20.0,2017-08-31,accepted,1.20.0,2017-08-31,,,1.20.0,2017-08-31,,,accepted,1.20.0,2017-08-31
associated_type_bounds,1.75.0,2023-12-28,unstable,1.75.0,2023-12-28,1.78.0,2024-05-02,1.79.0,2024-06-13,,,accepted,1.79.0,2024-06-13
associated_type_defaults,1.75.0,2023-12-28,unstable,1.75.0,2023-12-28,1.91.1,2025-11-10,,,,,unstable,1.91.1,2025-11-10
associated_types,1.0.0,2015-05-15,accepted,1.0.0,2015-05-15,,,1.0.0,2015-05-15,,,accepted,1.0.0,2015-05-15
async_await,1.39.0,2019-11-07,accepted,1.39.0,2019-11-07,,,1.39.0,2019-11-07,,,accepted,1.39.0,2019-11-07
async_closure,1.75.0,2023-12-28,unstable,1.75.0,2023-12-28,1.84.1,2025-01-30,1.85.0,2025-02-20,,,accepted,1.85.0,2025-02-20
async_drop,1.88.0,2025-06-26,incomplete,1.88.0,2025-06-26,1.91.1,2025-11-10,,,,,incomplete,1.91.1,2025-11-10
async_fn_in_dyn_trait,1.85.0,2025-02-20,incomplete,1.85.0,2025-02-20,1.91.1,2025-11-10,,,,,incomplete,1.91.1,2025-11-10
async_fn_in_trait,1.75.0,2023-12-28,accepted,1.75.0,2023-12-28,,,1.75.0,2023-12-28,,,accepted,1.75.0,2023-12-28
async_fn_track_caller,1.75.0,2023-12-28,unstable,1.75.0,2023-12-28,1.91.1,2025-11-10,,,,,unstable,1.91.1,2025-11-10
async_for_loop,1.77.0,2024-03-21,unstable,1.77.0,2024-03-21,1.91.1,2025-11-10,,,,,unstable,1.91.1,2025-11-10
async_trait_bounds,1.85.0,2025-02-20,unstable,1.85.0,2025-02-20,1.91.1,2025-11-10,,,,,unstable,1.91.1,2025-11-10
attr_literals,1.30.0,2018-10-25,accepted,1.30.0,2018-10-25,,,1.30.0,2018-10-25,,,accepted,1.30.0,2018-10-25
augmented_assignments,1.8.0,2016-04-14,accepted,1.8.0,2016-04-14,,,1.8.0,2016-04-14,,,accepted,1.8.0,2016-04-14
auto_traits,1.75.0,2023-12-28,unstable,1.75.0,2023-12-28,1.91.1,2025-11-10,,,,,unstable,1.91.1,2025-11-10
avx10_target_feature,1.88.0,2025-06-26,unstable,1.88.0,2025-06-26,1.91.1,2025-11-10,,,,,unstable,1.91.1,2025-11-10
avx512_target_feature,1.75.0,2023-12-28,unstable,1.75.0,2023-12-28,1.88.0,2025-06-26,1.89.0,2025-08-07,,,accepted,1.89.0,2025-08-07
await_macro,1.38.0,2019-09-26,removed,1.38.0,2019-09-26,,,,,1.38.0,2019-09-26,removed,1.38.0,2019-09-26
bind_by_move_pattern_guards,1.39.0,2019-11-07,accepted,1.39.0,2019-11-07,,,1.39.0,2019-11-07,,,accepted,1.39.0,2019-11-07
bindings_after_at,1.56.0,2021-10-21,accepted,1.56.0,2021-10-21,,,1.56.0,2021-10-21,,,accepted,1.56.0,2021-10-21
box_patterns,1.75.0,2023-12-28,unstable,1.75.0,2023-12-28,1.91.1,2025-11-10,,,,,unstable,1.91.1,2025-11-10
box_syntax,1.70.0,2023-06-01,removed,1.70.0,2023-06-01,,,,,1.70.0,2023-06-01,removed,1.70.0,2023-06-01
bpf_target_feature,1.75.0,2023-12-28,unstable,1.75.0,2023-12-28,1.91.1,2025-11-10,,,,,unstable,1.91.1,2025-11-10
braced_empty_structs,1.8.0,2016-04-14,accepted,1.8.0,2016-04-14,,,1.8.0,2016-04-14,,,accepted,1.8.0,2016-04-14
builtin_syntax,1.75.0,2023-12-28,unstable,1.75.0,2023-12-28,1.91.1,2025-11-10,,,,,internal,1.91.1,2025-11-10
c_str_literals,1.75.0,2023-12-28,unstable,1.75.0,2023-12-28,1.76.0,2024-02-08,1.77.0,2024-03-21,,,accepted,1.77.0,2024-03-21
c_unwind,1.75.0,2023-12-28,unstable,1.75.0,2023-12-28,1.80.1,2024-08-08,1.81.0,2024-09-05,,,accepted,1.81.0,2024-09-05
c_variadic,1.75.0,2023-12-28,unstable,1.75.0,2023-12-28,1.91.1,2025-11-10,,,,,unstable,1.91.1,2025-11-10
capture_disjoint_fields,1.49.0,2020-12-31,removed,1.49.0,2020-12-31,,,,,1.49.0,2020-12-31,removed,1.69.0,2023-04-20
cfg_attr_multi,1.33.0,2019-02-28,accepted,1.33.0,2019-02-28,,,1.33.0,2019-02-28,,,accepted,1.33.0,2019-02-28
cfg_boolean_literals,1.83.0,2024-11-28,unstable,1.83.0,2024-11-28,1.87.0,2025-05-15,1.88.0,2025-06-26,,,accepted,1.88.0,2025-06-26
cfg_contract_checks,1.86.0,2025-04-03,unstable,1.86.0,2025-04-03,1.91.1,2025-11-10,,,,,unstable,1.91.1,2025-11-10
cfg_doctest,1.40.0,2019-12-19,accepted,1.40.0,2019-12-19,,,1.40.0,2019-12-19,,,accepted,1.40.0,2019-12-19
cfg_emscripten_wasm_eh,1.86.0,2025-04-03,internal,1.86.0,2025-04-03,1.91.1,2025-11-10,,,,,internal,1.91.1,2025-11-10
cfg_overflow_checks,1.75.0,2023-12-28,unstable,1.75.0,2023-12-28,1.91.1,2025-11-10,,,,,unstable,1.91.1,2025-11-10
cfg_panic,1.60.0,2022-04-07,accepted,1.60.0,2022-04-07,,,1.60.0,2022-04-07,,,accepted,1.60.0,2022-04-07
cfg_relocation_model,1.75.0,2023-12-28,unstable,1.75.0,2023-12-28,1.91.1,2025-11-10,,,,,unstable,1.91.1,2025-11-10
cfg_sanitize,1.75.0,2023-12-28,unstable,1.75.0,2023-12-28,1.91.1,2025-11-10,,,,,unstable,1.91.1,2025-11-10
cfg_sanitizer_cfi,1.77.0,2024-03-21,unstable,1.77.0,2024-03-21,1.91.1,2025-11-10,,,,,unstable,1.91.1,2025-11-10
cfg_target_abi,1.75.0,2023-12-28,unstable,1.75.0,2023-12-28,1.77.2,2024-04-09,1.78.0,2024-05-02,,,accepted,1.78.0,2024-05-02
cfg_target_compact,1.75.0,2023-12-28,unstable,1.75.0,2023-12-28,1.91.1,2025-11-10,,,,,unstable,1.91.1,2025-11-10
cfg_target_feature,1.27.0,2018-06-21,accepted,1.27.0,2018-06-21,,,1.27.0,2018-06-21,,,accepted,1.27.0,2018-06-21
cfg_target_has_atomic,1.75.0,2023-12-28,unstable,1.75.0,2023-12-28,1.91.1,2025-11-10,,,,,unstable,1.91.1,2025-11-10
cfg_target_has_atomic_equal_alignment,1.75.0,2023-12-28,unstable,1.75.0,2023-12-28,1.91.1,2025-11-10,,,,,unstable,1.91.1,2025-11-10
cfg_target_has_reliable_f16_f128,1.88.0,2025-06-26,internal,1.88.0,2025-06-26,1.91.1,2025-11-10,,,,,internal,1.91.1,2025-11-10
cfg_target_thread_local,1.75.0,2023-12-28,unstable,1.75.0,2023-12-28,1.91.1,2025-11-10,,,,,unstable,1.91.1,2025-11-10
cfg_target_vendor,1.33.0,2019-02-28,accepted,1.33.0,2019-02-28,,,1.33.0,2019-02-28,,,accepted,1.33.0,2019-02-28
cfg_ub_checks,1.79.0,2024-06-13,unstable,1.79.0,2024-06-13,1.91.1,2025-11-10,,,,,unstable,1.91.1,2025-11-10
cfg_version,1.75.0,2023-12-28,unstable,1.75.0,2023-12-28,1.91.1,2025-11-10,,,,,unstable,1.91.1,2025-11-10
cfi_encoding,1.75.0,2023-12-28,unstable,1.75.0,2023-12-28,1.91.1,2025-11-10,,,,,unstable,1.91.1,2025-11-10
clone_closures,1.26.0,2018-05-10,accepted,1.26.0,2018-05-10,,,1.26.0,2018-05-10,,,accepted,1.26.0,2018-05-10
closure_lifetime_binder,1.75.0,2023-12-28,unstable,1.75.0,2023-12-28,1.91.1,2025-11-10,,,,,unstable,1.91.1,2025-11-10
closure_to_fn_coercion,1.19.0,2017-07-20,accepted,1.19.0,2017-07-20,,,1.19.0,2017-07-20,,,accepted,1.19.0,2017-07-20
closure_track_caller,1.75.0,2023-12-28,unstable,1.75.0,2023-12-28,1.91.1,2025-11-10,,,,,unstable,1.91.1,2025-11-10
cmpxchg16b_target_feature,1.69.0,2023-04-20,accepted,1.69.0,2023-04-20,,,1.69.0,2023-04-20,,,accepted,1.69.0,2023-04-20
cmse_nonsecure_entry,1.75.0,2023-12-28,unstable,1.75.0,2023-12-28,1.91.1,2025-11-10,,,,,unstable,1.91.1,2025-11-10
collapse_debuginfo,1.75.0,2023-12-28,unstable,1.75.0,2023-12-28,1.78.0,2024-05-02,1.79.0,2024-06-13,,,accepted,1.79.0,2024-06-13
compile_error,1.20.0,2017-08-31,accepted,1.20.0,2017-08-31,,,1.20.0,2017-08-31,,,accepted,1.20.0,2017-08-31
compiler_builtins,1.75.0,2023-12-28,internal,1.75.0,2023-12-28,1.91.1,2025-11-10,,,,,internal,1.91.1,2025-11-10
concat_idents,1.90.0,2025-09-18,removed,1.90.0,2025-09-18,,,,,1.90.0,2025-09-18,removed,1.90.0,2025-09-18
conservative_impl_trait,1.26.0,2018-05-10,accepted,1.26.0,2018-05-10,,,1.26.0,2018-05-10,,,accepted,1.26.0,2018-05-10
const_arg_path,1.82.0,2024-10-17,internal,1.82.0,2024-10-17,1.82.0,2024-10-17,,,,,internal,1.82.0,2024-10-17
const_async_blocks,1.75.0,2023-12-28,unstable,1.75.0,2023-12-28,1.91.1,2025-11-10,,,,,unstable,1.91.1,2025-11-10
const_closures,1.75.0,2023-12-28,incomplete,1.75.0,2023-12-28,1.91.1,2025-11-10,,,,,incomplete,1.91.1,2025-11-10
const_compare_raw_pointers,1.46.0,2020-08-27,removed,1.46.0,2020-08-27,,,,,1.46.0,2020-08-27,removed,1.46.0,2020-08-27
const_constructor,1.40.0,2019-12-19,accepted,1.40.0,2019-12-19,,,1.40.0,2019-12-19,,,accepted,1.40.0,2019-12-19
const_destruct,1.85.0,2025-02-20,unstable,1.85.0,2025-02-20,1.91.1,2025-11-10,,,,,unstable,1.91.1,2025-11-10
const_eval_limit,1.43.0,2020-04-23,removed,1.43.0,2020-04-23,,,,,1.43.0,2020-04-23,removed,1.72.0,2023-08-24
const_evaluatable_checked,1.48.0,2020-11-19,removed,1.48.0,2020-11-19,,,,,1.48.0,2020-11-19,removed,1.56.0,2021-10-21
const_extern_fn,1.75.0,2023-12-28,unstable,1.75.0,2023-12-28,1.82.0,2024-10-17,1.83.0,2024-11-28,,,accepted,1.83.0,2024-11-28
const_fn,1.54.0,2021-07-29,removed,1.54.0,2021-07-29,,,,,1.54.0,2021-07-29,removed,1.54.0,2021-07-29
const_fn_floating_point_arithmetic,1.75.0,2023-12-28,unstable,1.75.0,2023-12-28,1.81.0,2024-09-05,1.82.0,2024-10-17,,,accepted,1.82.0,2024-10-17
const_fn_fn_ptr_basics,1.61.0,2022-05-19,accepted,1.61.0,2022-05-19,,,1.61.0,2022-05-19,,,accepted,1.61.0,2022-05-19
const_fn_trait_bound,1.61.0,2022-05-19,accepted,1.61.0,2022-05-19,,,1.61.0,2022-05-19,,,accepted,1.61.0,2022-05-19
const_fn_transmute,1.56.0,2021-10-21,accepted,1.56.0,2021-10-21,,,1.56.0,2021-10-21,,,accepted,1.56.0,2021-10-21
const_fn_union,1.56.0,2021-10-21,accepted,1.56.0,2021-10-21,,,1.56.0,2021-10-21,,,accepted,1.56.0,2021-10-21
const_fn_unsize,1.54.0,2021-07-29,accepted,1.54.0,2021-07-29,,,1.54.0,2021-07-29,,,accepted,1.54.0,2021-07-29
const_for,1.75.0,2023-12-28,unstable,1.75.0,2023-12-28,1.91.1,2025-11-10,,,,,unstable,1.91.1,2025-11-10
const_generics,1.34.0,2019-04-11,removed,1.34.0,2019-04-11,,,,,1.34.0,2019-04-11,removed,1.56.0,2021-10-21
const_generics_defaults,1.59.0,2022-02-24,accepted,1.59.0,2022-02-24,,,1.59.0,2022-02-24,,,accepted,1.59.0,2022-02-24
const_if_match,1.45.0,2020-07-16,accepted,1.45.0,2020-07-16,,,1.45.0,2020-07-16,,,accepted,1.46.0,2020-08-27
const_impl_trait,1.61.0,2022-05-19,accepted,1.61.0,2022-05-19,,,1.61.0,2022-05-19,,,accepted,1.61.0,2022-05-19
const_in_array_repeat_expressions,1.37.0,2019-08-15,removed,1.37.0,2019-08-15,,,,,1.37.0,2019-08-15,removed,1.51.0,2021-03-25
const_indexing,1.24.0,2018-02-15,accepted,1.24.0,2018-02-15,,,1.24.0,2018-02-15,,,accepted,1.26.0,2018-05-10
const_let,1.33.0,2019-02-28,accepted,1.33.0,2019-02-28,,,1.33.0,2019-02-28,,,accepted,1.33.0,2019-02-28
const_loop,1.45.0,2020-07-16,accepted,1.45.0,2020-07-16,,,1.45.0,2020-07-16,,,accepted,1.46.0,2020-08-27
const_mut_refs,1.75.0,2023-12-28,unstable,1.75.0,2023-12-28,1.82.0,2024-10-17,1.83.0,2024-11-28,,,accepted,1.83.0,2024-11-28
const_panic,1.57.0,2021-12-02,accepted,1.57.0,2021-12-02,,,1.57.0,2021-12-02,,,accepted,1.57.0,2021-12-02
const_precise_live_drops,1.75.0,2023-12-28,unstable,1.75.0,2023-12-28,1.91.1,2025-11-10,,,,,unstable,1.91.1,2025-11-10
const_raw_ptr_deref,1.58.0,2022-01-13,accepted,1.58.0,2022-01-13,,,1.58.0,2022-01-13,,,accepted,1.58.0,2022-01-13
const_raw_ptr_to_usize_cast,1.55.0,2021-09-09,removed,1.55.0,2021-09-09,,,,,1.55.0,2021-09-09,removed,1.55.0,2021-09-09
const_refs_to_cell,1.75.0,2023-12-28,unstable,1.75.0,2023-12-28,1.82.0,2024-10-17,1.83.0,2024-11-28,,,accepted,1.83.0,2024-11-28
const_refs_to_static,1.78.0,2024-05-02,unstable,1.78.0,2024-05-02,1.82.0,2024-10-17,1.83.0,2024-11-28,,,accepted,1.83.0,2024-11-28
const_trait_bound_opt_out,1.42.0,2020-03-12,removed,1.42.0,2020-03-12,,,,,1.42.0,2020-03-12,removed,1.56.0,2021-10-21
const_trait_impl,1.75.0,2023-12-28,unstable,1.75.0,2023-12-28,1.91.1,2025-11-10,,,,,unstable,1.91.1,2025-11-10
const_try,1.75.0,2023-12-28,unstable,1.75.0,2023-12-28,1.91.1,2025-11-10,,,,,unstable,1.91.1,2025-11-10
contracts,1.86.0,2025-04-03,incomplete,1.86.0,2025-04-03,1.91.1,2025-11-10,,,,,incomplete,1.91.1,2025-11-10
contracts_internals,1.86.0,2025-04-03,internal,1.86.0,2025-04-03,1.91.1,2025-11-10,,,,,internal,1.91.1,2025-11-10
copy_closures,1.26.0,2018-05-10,accepted,1.26.0,2018-05-10,,,1.26.0,2018-05-10,,,accepted,1.26.0,2018-05-10
coroutine_clone,1.75.0,2023-12-28,unstable,1.75.0,2023-12-28,1.91.1,2025-11-10,,,,,unstable,1.91.1,2025-11-10
coroutines,1.75.0,2023-12-28,unstable,1.75.0,2023-12-28,1.91.1,2025-11-10,,,,,unstable,1.91.1,2025-11-10
coverage_attribute,1.75.0,2023-12-28,unstable,1.75.0,2023-12-28,1.91.1,2025-11-10,,,,,unstable,1.91.1,2025-11-10
crate_in_paths,1.30.0,2018-10-25,accepted,1.30.0,2018-10-25,,,1.30.0,2018-10-25,,,accepted,1.30.0,2018-10-25
crate_visibility_modifier,1.63.0,2022-08-11,removed,1.63.0,2022-08-11,,,,,1.63.0,2022-08-11,removed,1.63.0,2022-08-11
csky_target_feature,1.75.0,2023-12-28,unstable,1.75.0,2023-12-28,1.91.1,2025-11-10,,,,,unstable,1.91.1,2025-11-10
custom_attribute,1.0.0,2015-05-15,removed,1.0.0,2015-05-15,,,,,1.0.0,2015-05-15,removed,1.0.0,2015-05-15
custom_code_classes_in_docs,1.75.0,2023-12-28,unstable,1.75.0,2023-12-28,1.79.0,2024-06-13,1.80.0,2024-07-25,,,accepted,1.80.0,2024-07-25
custom_derive,1.0.0,2015-05-15,removed,1.0.0,2015-05-15,,,,,1.0.0,2015-05-15,removed,1.32.0,2019-01-17
custom_inner_attributes,1.75.0,2023-12-28,unstable,1.75.0,2023-12-28,1.91.1,2025-11-10,,,,,unstable,1.91.1,2025-11-10
custom_mir,1.75.0,2023-12-28,internal,1.75.0,2023-12-28,1.91.1,2025-11-10,,,,,internal,1.91.1,2025-11-10
custom_test_frameworks,1.75.0,2023-12-28,unstable,1.75.0,2023-12-28,1.91.1,2025-11-10,,,,,unstable,1.91.1,2025-11-10
debugger_visualizer,1.71.0,2023-07-13,accepted,1.71.0,2023-07-13,,,1.71.0,2023-07-13,,,accepted,1.71.0,2023-07-13
decl_macro,1.75.0,2023-12-28,unstable,1.75.0,2023-12-28,1.91.1,2025-11-10,,,,,unstable,1.91.1,2025-11-10
default_alloc_error_handler,1.68.0,2023-03-09,accepted,1.68.0,2023-03-09,,,1.68.0,2023-03-09,,,accepted,1.68.0,2023-03-09
default_field_values,1.85.0,2025-02-20,unstable,1.85.0,2025-02-20,1.91.1,2025-11-10,,,,,unstable,1.91.1,2025-11-10
default_type_parameter_fallback,1.75.0,2023-12-28,unstable,1.75.0,2023-12-28,1.81.0,2024-09-05,,,1.82.0,2024-10-17,removed,1.82.0,2024-10-17
default_type_params,1.0.0,2015-05-15,accepted,1.0.0,2015-05-15,,,1.0.0,2015-05-15,,,accepted,1.0.0,2015-05-15
deprecated,1.9.0,2016-05-26,accepted,1.9.0,2016-05-26,,,1.9.0,2016-05-26,,,accepted,1.9.0,2016-05-26
deprecated_safe,1.75.0,2023-12-28,unstable,1.75.0,2023-12-28,1.91.1,2025-11-10,,,,,unstable,1.91.1,2025-11-10
deprecated_suggestion,1.75.0,2023-12-28,unstable,1.75.0,2023-12-28,1.91.1,2025-11-10,,,,,unstable,1.91.1,2025-11-10
deref_patterns,1.79.0,2024-06-13,incomplete,1.79.0,2024-06-13,1.91.1,2025-11-10,,,,,incomplete,1.91.1,2025-11-10
derive_default_enum,1.62.0,2022-06-30,accepted,1.62.0,2022-06-30,,,1.62.0,2022-06-30,,,accepted,1.62.0,2022-06-30
derive_from,1.91.0,2025-10-30,unstable,1.91.0,2025-10-30,1.91.1,2025-11-10,,,,,unstable,1.91.1,2025-11-10
derive_smart_pointer,1.79.0,2024-06-13,removed,1.81.0,2024-09-05,1.83.0,2024-11-28,,,1.79.0,2024-06-13,removed,1.84.0,2025-01-09
destructuring_assignment,1.59.0,2022-02-24,accepted,1.59.0,2022-02-24,,,1.59.0,2022-02-24,,,accepted,1.59.0,2022-02-24
diagnostic_namespace,1.75.0,2023-12-28,unstable,1.75.0,2023-12-28,1.77.2,2024-04-09,1.78.0,2024-05-02,,,accepted,1.78.0,2024-05-02
do_not_recommend,1.75.0,2023-12-28,unstable,1.75.0,2023-12-28,1.84.1,2025-01-30,1.85.0,2025-02-20,,,accepted,1.85.0,2025-02-20
doc_alias,1.48.0,2020-11-19,accepted,1.48.0,2020-11-19,,,1.48.0,2020-11-19,,,accepted,1.48.0,2020-11-19
doc_auto_cfg,1.75.0,2023-12-28,unstable,1.75.0,2023-12-28,1.91.1,2025-11-10,,,,,unstable,1.91.1,2025-11-10
doc_cfg,1.75.0,2023-12-28,unstable,1.75.0,2023-12-28,1.91.1,2025-11-10,,,,,unstable,1.91.1,2025-11-10
doc_cfg_hide,1.75.0,2023-12-28,unstable,1.75.0,2023-12-28,1.91.1,2025-11-10,,,,,unstable,1.91.1,2025-11-10
doc_keyword,1.28.0,2018-08-02,removed,1.28.0,2018-08-02,,,,,1.28.0,2018-08-02,removed,1.58.0,2022-01-13
doc_masked,1.75.0,2023-12-28,unstable,1.75.0,2023-12-28,1.91.1,2025-11-10,,,,,unstable,1.91.1,2025-11-10
doc_notable_trait,1.75.0,2023-12-28,unstable,1.75.0,2023-12-28,1.91.1,2025-11-10,,,,,unstable,1.91.1,2025-11-10
doc_primitive,1.56.0,2021-10-21,removed,1.56.0,2021-10-21,,,,,1.56.0,2021-10-21,removed,1.58.0,2022-01-13
doc_spotlight,1.22.0,2017-11-22,removed,1.22.0,2017-11-22,,,,,1.22.0,2017-11-22,removed,1.53.0,2021-06-17
dotdot_in_tuple_patterns,1.14.0,2016-12-22,accepted,1.14.0,2016-12-22,,,1.14.0,2016-12-22,,,accepted,1.14.0,2016-12-22
dotdoteq_in_patterns,1.26.0,2018-05-10,accepted,1.26.0,2018-05-10,,,1.26.0,2018-05-10,,,accepted,1.26.0,2018-05-10
drop_types_in_const,1.22.0,2017-11-22,accepted,1.22.0,2017-11-22,,,1.22.0,2017-11-22,,,accepted,1.22.0,2017-11-22
dropck_eyepatch,1.75.0,2023-12-28,unstable,1.75.0,2023-12-28,1.91.1,2025-11-10,,,,,unstable,1.91.1,2025-11-10
dropck_parametricity,1.38.0,2019-09-26,removed,1.38.0,2019-09-26,,,,,1.38.0,2019-09-26,removed,1.38.0,2019-09-26
dyn_compatible_for_dispatch,1.83.0,2024-11-28,unstable,1.83.0,2024-11-28,1.86.0,2025-04-03,,,1.83.0,2024-11-28,removed,1.87.0,2025-05-15
dyn_star,1.65.0,2022-11-03,removed,1.75.0,2023-12-28,1.89.0,2025-08-07,,,1.65.0,2022-11-03,incomplete,1.89.0,2025-08-07
dyn_trait,1.27.0,2018-06-21,accepted,1.27.0,2018-06-21,,,1.27.0,2018-06-21,,,accepted,1.27.0,2018-06-21
effective_target_features,1.91.0,2025-10-30,incomplete,1.91.0,2025-10-30,1.91.1,2025-11-10,,,,,incomplete,1.91.1,2025-11-10
effects,1.75.0,2023-12-28,unstable,1.75.0,2023-12-28,1.83.0,2024-11-28,,,1.84.0,2025-01-09,removed,1.84.0,2025-01-09
ergonomic_clones,1.87.0,2025-05-15,incomplete,1.87.0,2025-05-15,1.91.1,2025-11-10,,,,,incomplete,1.91.1,2025-11-10
ermsb_target_feature,1.75.0,2023-12-28,unstable,1.75.0,2023-12-28,1.91.1,2025-11-10,,,,,unstable,1.91.1,2025-11-10
exclusive_range_pattern,1.75.0,2023-12-28,unstable,1.75.0,2023-12-28,1.79.0,2024-06-13,1.80.0,2024-07-25,,,accepted,1.80.0,2024-07-25
exhaustive_integer_patterns,1.33.0,2019-02-28,accepted,1.33.0,2019-02-28,,,1.33.0,2019-02-28,,,accepted,1.33.0,2019-02-28
exhaustive_patterns,1.75.0,2023-12-28,unstable,1.75.0,2023-12-28,1.91.1,2025-11-10,,,,,unstable,1.91.1,2025-11-10
existential_type,1.38.0,2019-09-26,removed,1.38.0,2019-09-26,,,,,1.38.0,2019-09-26,removed,1.38.0,2019-09-26
explicit_extern_abis,1.88.0,2025-06-26,unstable,1.88.0,2025-06-26,1.91.1,2025-11-10,,,,,unstable,1.91.1,2025-11-10
explicit_generic_args_with_impl_trait,1.63.0,2022-08-11,accepted,1.63.0,2022-08-11,,,1.63.0,2022-08-11,,,accepted,1.63.0,2022-08-11
explicit_tail_calls,1.75.0,2023-12-28,incomplete,1.75.0,2023-12-28,1.91.1,2025-11-10,,,,,incomplete,1.91.1,2025-11-10
export_stable,1.88.0,2025-06-26,incomplete,1.88.0,2025-06-26,1.91.1,2025-11-10,,,,,incomplete,1.91.1,2025-11-10
expr_fragment_specifier_2024,1.80.0,2024-07-25,incomplete,1.80.0,2024-07-25,1.82.0,2024-10-17,1.83.0,2024-11-28,,,accepted,1.83.0,2024-11-28
extended_key_value_attributes,1.54.0,2021-07-29,accepted,1.54.0,2021-07-29,,,1.54.0,2021-07-29,,,accepted,1.54.0,2021-07-29
extended_varargs_abi_support,1.75.0,2023-12-28,unstable,1.75.0,2023-12-28,1.90.0,2025-09-18,1.91.0,2025-10-30,,,accepted,1.91.0,2025-10-30
extern_absolute_paths,1.30.0,2018-10-25,accepted,1.30.0,2018-10-25,,,1.30.0,2018-10-25,,,accepted,1.30.0,2018-10-25
extern_crate_item_prelude,1.31.0,2018-12-06,accepted,1.31.0,2018-12-06,,,1.31.0,2018-12-06,,,accepted,1.31.0,2018-12-06
extern_crate_self,1.34.0,2019-04-11,accepted,1.34.0,2019-04-11,,,1.34.0,2019-04-11,,,accepted,1.34.0,2019-04-11
extern_in_paths,1.33.0,2019-02-28,removed,1.33.0,2019-02-28,,,,,1.33.0,2019-02-28,removed,1.33.0,2019-02-28
extern_prelude,1.30.0,2018-10-25,accepted,1.30.0,2018-10-25,,,1.30.0,2018-10-25,,,accepted,1.30.0,2018-10-25
extern_system_varargs,1.86.0,2025-04-03,unstable,1.86.0,2025-04-03,1.91.1,2025-11-10,,,,,unstable,1.91.1,2025-11-10
extern_types,1.75.0,2023-12-28,unstable,1.75.0,2023-12-28,1.91.1,2025-11-10,,,,,unstable,1.91.1,2025-11-10
external_doc,1.54.0,2021-07-29,removed,1.54.0,2021-07-29,,,,,1.54.0,2021-07-29,removed,1.54.0,2021-07-29
f128,1.78.0,2024-05-02,unstable,1.78.0,2024-05-02,1.91.1,2025-11-10,,,,,unstable,1.91.1,2025-11-10
f16,1.78.0,2024-05-02,unstable,1.78.0,2024-05-02,1.91.1,2025-11-10,,,,,unstable,1.91.1,2025-11-10
f16c_target_feature,1.68.0,2023-03-09,accepted,1.68.0,2023-03-09,,,1.68.0,2023-03-09,,,accepted,1.68.0,2023-03-09
ffi_const,1.75.0,2023-12-28,unstable,1.75.0,2023-12-28,1.91.1,2025-11-10,,,,,unstable,1.91.1,2025-11-10
ffi_pure,1.75.0,2023-12-28,unstable,1.75.0,2023-12-28,1.91.1,2025-11-10,,,,,unstable,1.91.1,2025-11-10
ffi_returns_twice,1.75.0,2023-12-28,unstable,1.75.0,2023-12-28,1.77.2,2024-04-09,,,1.78.0,2024-05-02,removed,1.78.0,2024-05-02
field_init_shorthand,1.17.0,2017-04-27,accepted,1.17.0,2017-04-27,,,1.17.0,2017-04-27,,,accepted,1.17.0,2017-04-27
fmt_debug,1.82.0,2024-10-17,unstable,1.82.0,2024-10-17,1.91.1,2025-11-10,,,,,unstable,1.91.1,2025-11-10
fn_align,1.75.0,2023-12-28,unstable,1.75.0,2023-12-28,1.91.1,2025-11-10,,,,,unstable,1.91.1,2025-11-10
fn_delegation,1.76.0,2024-02-08,incomplete,1.76.0,2024-02-08,1.91.1,2025-11-10,,,,,incomplete,1.91.1,2025-11-10
fn_must_use,1.27.0,2018-06-21,accepted,1.27.0,2018-06-21,,,1.27.0,2018-06-21,,,accepted,1.27.0,2018-06-21
format_args_capture,1.58.0,2022-01-13,accepted,1.58.0,2022-01-13,,,1.58.0,2022-01-13,,,accepted,1.58.0,2022-01-13
freeze_impls,1.78.0,2024-05-02,internal,1.78.0,2024-05-02,1.91.1,2025-11-10,,,,,internal,1.91.1,2025-11-10
frontmatter,1.88.0,2025-06-26,unstable,1.88.0,2025-06-26,1.91.1,2025-11-10,,,,,unstable,1.91.1,2025-11-10
fundamental,1.75.0,2023-12-28,unstable,1.75.0,2023-12-28,1.91.1,2025-11-10,,,,,unstable,1.91.1,2025-11-10
gen_blocks,1.75.0,2023-12-28,unstable,1.75.0,2023-12-28,1.91.1,2025-11-10,,,,,unstable,1.91.1,2025-11-10
generator_clone,1.65.0,2022-11-03,removed,1.65.0,2022-11-03,,,,,1.65.0,2022-11-03,removed,1.75.0,2023-12-28
generators,1.21.0,2017-10-12,removed,1.21.0,2017-10-12,,,,,1.21.0,2017-10-12,removed,1.75.0,2023-12-28
generic_arg_infer,1.75.0,2023-12-28,unstable,1.75.0,2023-12-28,1.88.0,2025-06-26,1.89.0,2025-08-07,,,accepted,1.89.0,2025-08-07
generic_assert,1.75.0,2023-12-28,unstable,1.75.0,2023-12-28,1.91.1,2025-11-10,,,,,unstable,1.91.1,2025-11-10
generic_associated_types,1.65.0,2022-11-03,accepted,1.65.0,2022-11-03,,,1.65.0,2022-11-03,,,accepted,1.65.0,2022-11-03
generic_associated_types_extended,1.75.0,2023-12-28,incomplete,1.75.0,2023-12-28,1.84.1,2025-01-30,,,1.85.0,2025-02-20,removed,1.85.0,2025-02-20
generic_const_exprs,1.75.0,2023-12-28,incomplete,1.75.0,2023-12-28,1.91.1,2025-11-10,,,,,incomplete,1.91.1,2025-11-10
generic_const_items,1.75.0,2023-12-28,incomplete,1.75.0,2023-12-28,1.91.1,2025-11-10,,,,,incomplete,1.91.1,2025-11-10
generic_const_parameter_types,1.87.0,2025-05-15,incomplete,1.87.0,2025-05-15,1.91.1,2025-11-10,,,,,incomplete,1.91.1,2025-11-10
generic_param_attrs,1.27.0,2018-06-21,accepted,1.27.0,2018-06-21,,,1.27.0,2018-06-21,,,accepted,1.27.0,2018-06-21
generic_pattern_types,1.86.0,2025-04-03,incomplete,1.86.0,2025-04-03,1.91.1,2025-11-10,,,,,incomplete,1.91.1,2025-11-10
global_allocator,1.28.0,2018-08-02,accepted,1.28.0,2018-08-02,,,1.28.0,2018-08-02,,,accepted,1.28.0,2018-08-02
global_registration,1.80.0,2024-07-25,unstable,1.80.0,2024-07-25,1.91.1,2025-11-10,,,,,unstable,1.91.1,2025-11-10
globs,1.0.0,2015-05-15,accepted,1.0.0,2015-05-15,,,1.0.0,2015-05-15,,,accepted,1.0.0,2015-05-15
guard_patterns,1.85.0,2025-02-20,incomplete,1.85.0,2025-02-20,1.91.1,2025-11-10,,,,,incomplete,1.91.1,2025-11-10
half_open_range_patterns,1.66.0,2022-12-15,accepted,1.66.0,2022-12-15,,,1.66.0,2022-12-15,,,accepted,1.66.0,2022-12-15
half_open_range_patterns_in_slices,1.75.0,2023-12-28,unstable,1.75.0,2023-12-28,1.91.1,2025-11-10,,,,,unstable,1.91.1,2025-11-10
hexagon_target_feature,1.75.0,2023-12-28,unstable,1.75.0,2023-12-28,1.91.1,2025-11-10,,,,,unstable,1.91.1,2025-11-10
i128_type,1.26.0,2018-05-10,accepted,1.26.0,2018-05-10,,,1.26.0,2018-05-10,,,accepted,1.26.0,2018-05-10
if_let,1.0.0,2015-05-15,accepted,1.0.0,2015-05-15,,,1.0.0,2015-05-15,,,accepted,1.0.0,2015-05-15
if_let_guard,1.75.0,2023-12-28,unstable,1.75.0,2023-12-28,1.91.1,2025-11-10,,,,,unstable,1.91.1,2025-11-10
if_let_rescope,1.83.0,2024-11-28,unstable,1.83.0,2024-11-28,1.83.0,2024-11-28,1.84.0,2025-01-09,,,accepted,1.84.0,2025-01-09
if_while_or_patterns,1.33.0,2019-02-28,accepted,1.33.0,2019-02-28,,,1.33.0,2019-02-28,,,accepted,1.33.0,2019-02-28
impl_header_lifetime_elision,1.31.0,2018-12-06,accepted,1.31.0,2018-12-06,,,1.31.0,2018-12-06,,,accepted,1.31.0,2018-12-06
impl_trait_in_assoc_type,1.75.0,2023-12-28,unstable,1.75.0,2023-12-28,1.91.1,2025-11-10,,,,,unstable,1.91.1,2025-11-10
impl_trait_in_bindings,1.55.0,2021-09-09,removed,1.85.0,2025-02-20,1.91.1,2025-11-10,,,1.55.0,2021-09-09,unstable,1.91.1,2025-11-10
impl_trait_in_fn_trait_return,1.75.0,2023-12-28,unstable,1.75.0,2023-12-28,1.91.1,2025-11-10,,,,,unstable,1.91.1,2025-11-10
impl_trait_projections,1.74.0,2023-11-16,accepted,1.74.0,2023-11-16,,,1.74.0,2023-11-16,,,accepted,1.74.0,2023-11-16
import_shadowing,1.0.0,2015-05-15,removed,1.0.0,2015-05-15,,,,,1.0.0,2015-05-15,removed,1.0.0,2015-05-15
import_trait_associated_functions,1.86.0,2025-04-03,unstable,1.86.0,2025-04-03,1.91.1,2025-11-10,,,,,unstable,1.91.1,2025-11-10
imported_main,1.75.0,2023-12-28,unstable,1.75.0,2023-12-28,1.78.0,2024-05-02,1.79.0,2024-06-13,,,accepted,1.79.0,2024-06-13
in_band_lifetimes,1.23.0,2018-01-04,removed,1.23.0,2018-01-04,,,,,1.23.0,2018-01-04,removed,1.61.0,2022-05-19
inclusive_range_syntax,1.26.0,2018-05-10,accepted,1.26.0,2018-05-10,,,1.26.0,2018-05-10,,,accepted,1.26.0,2018-05-10
infer_outlives_requirements,1.30.0,2018-10-25,accepted,1.30.0,2018-10-25,,,1.30.0,2018-10-25,,,accepted,1.30.0,2018-10-25
infer_static_outlives_requirements,1.63.0,2022-08-11,removed,1.63.0,2022-08-11,,,,,1.63.0,2022-08-11,removed,1.63.0,2022-08-11
inherent_associated_types,1.75.0,2023-12-28,incomplete,1.75.0,2023-12-28,1.91.1,2025-11-10,,,,,incomplete,1.91.1,2025-11-10
inline_const,1.75.0,2023-12-28,unstable,1.75.0,2023-12-28,1.78.0,2024-05-02,1.79.0,2024-06-13,,,accepted,1.79.0,2024-06-13
inline_const_pat,1.75.0,2023-12-28,incomplete,1.75.0,2023-12-28,1.87.0,2025-05-15,,,1.88.0,2025-06-26,removed,1.88.0,2025-06-26
intra_doc_pointers,1.75.0,2023-12-28,unstable,1.75.0,2023-12-28,1.91.1,2025-11-10,,,,,unstable,1.91.1,2025-11-10
intrinsics,1.75.0,2023-12-28,internal,1.75.0,2023-12-28,1.91.1,2025-11-10,,,,,internal,1.91.1,2025-11-10
irrefutable_let_patterns,1.33.0,2019-02-28,accepted,1.33.0,2019-02-28,,,1.33.0,2019-02-28,,,accepted,1.33.0,2019-02-28
isa_attribute,1.67.0,2023-01-26,accepted,1.67.0,2023-01-26,,,1.67.0,2023-01-26,,,accepted,1.67.0,2023-01-26
issue_5723_bootstrap,1.0.0,2015-05-15,accepted,1.0.0,2015-05-15,,,1.0.0,2015-05-15,,,accepted,1.0.0,2015-05-15
item_like_imports,1.14.0,2016-12-22,accepted,1.14.0,2016-12-22,,,1.14.0,2016-12-22,,,accepted,1.15.0,2017-02-02
keylocker_x86,1.86.0,2025-04-03,unstable,1.86.0,2025-04-03,1.88.0,2025-06-26,1.89.0,2025-08-07,,,accepted,1.89.0,2025-08-07
label_break_value,1.65.0,2022-11-03,accepted,1.65.0,2022-11-03,,,1.65.0,2022-11-03,,,accepted,1.65.0,2022-11-03
lahfsahf_target_feature,1.78.0,2024-05-02,unstable,1.78.0,2024-05-02,1.91.1,2025-11-10,,,,,unstable,1.91.1,2025-11-10
lang_items,1.75.0,2023-12-28,internal,1.75.0,2023-12-28,1.91.1,2025-11-10,,,,,internal,1.91.1,2025-11-10
large_assignments,1.75.0,2023-12-28,unstable,1.75.0,2023-12-28,1.91.1,2025-11-10,,,,,unstable,1.91.1,2025-11-10
lazy_normalization_consts,1.46.0,2020-08-27,removed,1.46.0,2020-08-27,,,,,1.46.0,2020-08-27,removed,1.56.0,2021-10-21
lazy_type_alias,1.75.0,2023-12-28,incomplete,1.75.0,2023-12-28,1.91.1,2025-11-10,,,,,incomplete,1.91.1,2025-11-10
let_chains,1.75.0,2023-12-28,unstable,1.75.0,2023-12-28,1.89.0,2025-08-07,1.88.0,2025-06-26,,,unstable,1.89.0,2025-08-07
let_else,1.65.0,2022-11-03,accepted,1.65.0,2022-11-03,,,1.65.0,2022-11-03,,,accepted,1.65.0,2022-11-03
lifetime_capture_rules_2024,1.76.0,2024-02-08,unstable,1.76.0,2024-02-08,1.86.0,2025-04-03,,,1.76.0,2024-02-08,removed,1.87.0,2025-05-15
link_arg_attribute,1.76.0,2024-02-08,unstable,1.76.0,2024-02-08,1.91.1,2025-11-10,,,,,unstable,1.91.1,2025-11-10
link_args,1.53.0,2021-06-17,removed,1.53.0,2021-06-17,,,,,1.53.0,2021-06-17,removed,1.53.0,2021-06-17
link_cfg,1.75.0,2023-12-28,unstable,1.75.0,2023-12-28,1.91.1,2025-11-10,,,,,internal,1.91.1,2025-11-10
link_llvm_intrinsics,1.75.0,2023-12-28,internal,1.75.0,2023-12-28,1.91.1,2025-11-10,,,,,internal,1.91.1,2025-11-10
linkage,1.75.0,2023-12-28,unstable,1.75.0,2023-12-28,1.91.1,2025-11-10,,,,,unstable,1.91.1,2025-11-10
lint_reasons,1.75.0,2023-12-28,unstable,1.75.0,2023-12-28,1.80.1,2024-08-08,1.81.0,2024-09-05,,,accepted,1.81.0,2024-09-05
loongarch_target_feature,1.75.0,2023-12-28,unstable,1.75.0,2023-12-28,1.91.1,2025-11-10,,,,,unstable,1.91.1,2025-11-10
loop_break_value,1.19.0,2017-07-20,accepted,1.19.0,2017-07-20,,,1.19.0,2017-07-20,,,accepted,1.19.0,2017-07-20
loop_match,1.90.0,2025-09-18,incomplete,1.90.0,2025-09-18,1.91.1,2025-11-10,,,,,incomplete,1.91.1,2025-11-10
m68k_target_feature,1.85.0,2025-02-20,unstable,1.85.0,2025-02-20,1.91.1,2025-11-10,,,,,unstable,1.91.1,2025-11-10
macro_at_most_once_rep,1.32.0,2019-01-17,accepted,1.32.0,2019-01-17,,,1.32.0,2019-01-17,,,accepted,1.32.0,2019-01-17
macro_attr,1.91.0,2025-10-30,unstable,1.91.0,2025-10-30,1.91.1,2025-11-10,,,,,unstable,1.91.1,2025-11-10
macro_attributes_in_derive_output,1.57.0,2021-12-02,accepted,1.57.0,2021-12-02,,,1.57.0,2021-12-02,,,accepted,1.57.0,2021-12-02
macro_derive,1.91.0,2025-10-30,unstable,1.91.0,2025-10-30,1.91.1,2025-11-10,,,,,unstable,1.91.1,2025-11-10
macro_lifetime_matcher,1.27.0,2018-06-21,accepted,1.27.0,2018-06-21,,,1.27.0,2018-06-21,,,accepted,1.27.0,2018-06-21
macro_literal_matcher,1.31.0,2018-12-06,accepted,1.31.0,2018-12-06,,,1.31.0,2018-12-06,,,accepted,1.32.0,2019-01-17
macro_metavar_expr,1.75.0,2023-12-28,unstable,1.75.0,2023-12-28,1.91.1,2025-11-10,,,,,unstable,1.91.1,2025-11-10
macro_metavar_expr_concat,1.81.0,2024-09-05,unstable,1.81.0,2024-09-05,1.91.1,2025-11-10,,,,,unstable,1.91.1,2025-11-10
macro_reexport,1.0.0,2015-05-15,removed,1.0.0,2015-05-15,,,,,1.0.0,2015-05-15,removed,1.0.0,2015-05-15
macro_rules,1.0.0,2015-05-15,accepted,1.0.0,2015-05-15,,,1.0.0,2015-05-15,,,accepted,1.0.0,2015-05-15
macro_vis_matcher,1.30.0,2018-10-25,accepted,1.30.0,2018-10-25,,,1.30.0,2018-10-25,,,accepted,1.30.0,2018-10-25
macros_in_extern,1.40.0,2019-12-19,accepted,1.40.0,2019-12-19,,,1.40.0,2019-12-19,,,accepted,1.40.0,2019-12-19
main,1.53.0,2021-06-17,removed,1.53.0,2021-06-17,,,,,1.53.0,2021-06-17,removed,1.53.0,2021-06-17
managed_boxes,1.0.0,2015-05-15,removed,1.0.0,2015-05-15,,,,,1.0.0,2015-05-15,removed,1.0.0,2015-05-15
marker_trait_attr,1.75.0,2023-12-28,unstable,1.75.0,2023-12-28,1.91.1,2025-11-10,,,,,unstable,1.91.1,2025-11-10
match_beginning_vert,1.25.0,2018-03-29,accepted,1.25.0,2018-03-29,,,1.25.0,2018-03-29,,,accepted,1.25.0,2018-03-29
match_default_bindings,1.26.0,2018-05-10,accepted,1.26.0,2018-05-10,,,1.26.0,2018-05-10,,,accepted,1.26.0,2018-05-10
member_constraints,1.54.0,2021-07-29,accepted,1.54.0,2021-07-29,,,1.54.0,2021-07-29,,,accepted,1.54.0,2021-07-29
min_const_fn,1.31.0,2018-12-06,accepted,1.31.0,2018-12-06,,,1.31.0,2018-12-06,,,accepted,1.31.0,2018-12-06
min_const_generics,1.51.0,2021-03-25,accepted,1.51.0,2021-03-25,,,1.51.0,2021-03-25,,,accepted,1.51.0,2021-03-25
min_const_unsafe_fn,1.33.0,2019-02-28,accepted,1.33.0,2019-02-28,,,1.33.0,2019-02-28,,,accepted,1.33.0,2019-02-28
min_exhaustive_patterns,1.77.0,2024-03-21,incomplete,1.77.0,2024-03-21,1.81.0,2024-09-05,1.82.0,2024-10-17,,,accepted,1.82.0,2024-10-17
min_generic_const_args,1.84.0,2025-01-09,incomplete,1.84.0,2025-01-09,1.91.1,2025-11-10,,,,,incomplete,1.91.1,2025-11-10
min_specialization,1.75.0,2023-12-28,unstable,1.75.0,2023-12-28,1.91.1,2025-11-10,,,,,unstable,1.91.1,2025-11-10
min_type_alias_impl_trait,1.56.0,2021-10-21,removed,1.56.0,2021-10-21,,,,,1.56.0,2021-10-21,removed,1.56.0,2021-10-21
mips_target_feature,1.75.0,2023-12-28,unstable,1.75.0,2023-12-28,1.91.1,2025-11-10,,,,,unstable,1.91.1,2025-11-10
more_maybe_bounds,1.82.0,2024-10-17,internal,1.82.0,2024-10-17,1.91.1,2025-11-10,,,,,internal,1.91.1,2025-11-10
more_qualified_paths,1.75.0,2023-12-28,unstable,1.75.0,2023-12-28,1.91.1,2025-11-10,,,,,unstable,1.91.1,2025-11-10
more_struct_aliases,1.14.0,2016-12-22,accepted,1.14.0,2016-12-22,,,1.14.0,2016-12-22,,,accepted,1.16.0,2017-03-16
movbe_target_feature,1.70.0,2023-06-01,accepted,1.70.0,2023-06-01,,,1.70.0,2023-06-01,,,accepted,1.70.0,2023-06-01
move_ref_pattern,1.48.0,2020-11-19,accepted,1.48.0,2020-11-19,,,1.48.0,2020-11-19,,,accepted,1.49.0,2020-12-31
movrs_target_feature,1.88.0,2025-06-26,unstable,1.88.0,2025-06-26,1.91.1,2025-11-10,,,,,unstable,1.91.1,2025-11-10
multiple_supertrait_upcastable,1.75.0,2023-12-28,unstable,1.75.0,2023-12-28,1.91.1,2025-11-10,,,,,unstable,1.91.1,2025-11-10
must_not_suspend,1.75.0,2023-12-28,unstable,1.75.0,2023-12-28,1.91.1,2025-11-10,,,,,unstable,1.91.1,2025-11-10
mut_preserve_binding_mode_2024,1.79.0,2024-06-13,incomplete,1.79.0,2024-06-13,1.79.0,2024-06-13,,,1.79.0,2024-06-13,removed,1.80.0,2024-07-25
mut_ref,1.79.0,2024-06-13,incomplete,1.79.0,2024-06-13,1.91.1,2025-11-10,,,,,incomplete,1.91.1,2025-11-10
naked_functions,1.75.0,2023-12-28,unstable,1.75.0,2023-12-28,1.87.0,2025-05-15,1.88.0,2025-06-26,,,accepted,1.88.0,2025-06-26
naked_functions_rustic_abi,1.88.0,2025-06-26,unstable,1.88.0,2025-06-26,1.91.1,2025-11-10,,,,,unstable,1.91.1,2025-11-10
naked_functions_target_feature,1.87.0,2025-05-15,unstable,1.87.0,2025-05-15,1.91.1,2025-11-10,,,,,unstable,1.91.1,2025-11-10
native_link_modifiers,1.61.0,2022-05-19,accepted,1.61.0,2022-05-19,,,1.61.0,2022-05-19,,,accepted,1.61.0,2022-05-19
native_link_modifiers_as_needed,1.75.0,2023-12-28,unstable,1.75.0,2023-12-28,1.91.1,2025-11-10,,,,,unstable,1.91.1,2025-11-10
native_link_modifiers_bundle,1.63.0,2022-08-11,accepted,1.63.0,2022-08-11,,,1.63.0,2022-08-11,,,accepted,1.63.0,2022-08-11
native_link_modifiers_verbatim,1.67.0,2023-01-26,accepted,1.67.0,2023-01-26,,,1.67.0,2023-01-26,,,accepted,1.67.0,2023-01-26
native_link_modifiers_whole_archive,1.61.0,2022-05-19,accepted,1.61.0,2022-05-19,,,1.61.0,2022-05-19,,,accepted,1.61.0,2022-05-19
needs_allocator,1.4.0,2015-10-29,removed,1.4.0,2015-10-29,,,,,1.4.0,2015-10-29,removed,1.4.0,2015-10-29
needs_panic_runtime,1.75.0,2023-12-28,internal,1.75.0,2023-12-28,1.91.1,2025-11-10,,,,,internal,1.91.1,2025-11-10
negate_unsigned,1.0.0,2015-05-15,removed,1.0.0,2015-05-15,,,,,1.0.0,2015-05-15,removed,1.0.0,2015-05-15
negative_bounds,1.75.0,2023-12-28,incomplete,1.75.0,2023-12-28,1.91.1,2025-11-10,,,,,internal,1.91.1,2025-11-10
negative_impls,1.75.0,2023-12-28,unstable,1.75.0,2023-12-28,1.91.1,2025-11-10,,,,,unstable,1.91.1,2025-11-10
never_patterns,1.76.0,2024-02-08,incomplete,1.76.0,2024-02-08,1.91.1,2025-11-10,,,,,incomplete,1.91.1,2025-11-10
never_type,1.75.0,2023-12-28,unstable,1.75.0,2023-12-28,1.91.1,2025-11-10,,,,,unstable,1.91.1,2025-11-10
never_type_fallback,1.75.0,2023-12-28,unstable,1.75.0,2023-12-28,1.91.1,2025-11-10,,,,,unstable,1.91.1,2025-11-10
new_range,1.86.0,2025-04-03,unstable,1.86.0,2025-04-03,1.91.1,2025-11-10,,,,,unstable,1.91.1,2025-11-10
nll,1.63.0,2022-08-11,accepted,1.63.0,2022-08-11,,,1.63.0,2022-08-11,,,accepted,1.63.0,2022-08-11
no_core,1.75.0,2023-12-28,unstable,1.75.0,2023-12-28,1.91.1,2025-11-10,,,,,unstable,1.91.1,2025-11-10
no_coverage,1.74.0,2023-11-16,removed,1.74.0,2023-11-16,,,,,1.74.0,2023-11-16,removed,1.74.0,2023-11-16
no_debug,1.43.0,2020-04-23,removed,1.43.0,2020-04-23,,,,,1.43.0,2020-04-23,removed,1.43.0,2020-04-23
no_sanitize,1.75.0,2023-12-28,unstable,1.75.0,2023-12-28,1.90.0,2025-09-18,,,1.91.0,2025-10-30,removed,1.91.0,2025-10-30
no_stack_check,1.0.0,2015-05-15,removed,1.0.0,2015-05-15,,,,,1.0.0,2015-05-15,removed,1.0.0,2015-05-15
no_std,1.0.0,2015-05-15,accepted,1.0.0,2015-05-15,,,1.0.0,2015-05-15,,,accepted,1.6.0,2016-01-21
non_ascii_idents,1.53.0,2021-06-17,accepted,1.53.0,2021-06-17,,,1.53.0,2021-06-17,,,accepted,1.53.0,2021-06-17
non_exhaustive,1.40.0,2019-12-19,accepted,1.40.0,2019-12-19,,,1.40.0,2019-12-19,,,accepted,1.40.0,2019-12-19
non_exhaustive_omitted_patterns_lint,1.75.0,2023-12-28,unstable,1.75.0,2023-12-28,1.91.1,2025-11-10,,,,,unstable,1.91.1,2025-11-10
non_lifetime_binders,1.75.0,2023-12-28,incomplete,1.75.0,2023-12-28,1.91.1,2025-11-10,,,,,incomplete,1.91.1,2025-11-10
non_modrs_mods,1.30.0,2018-10-25,accepted,1.30.0,2018-10-25,,,1.30.0,2018-10-25,,,accepted,1.30.0,2018-10-25
nvptx_target_feature,1.91.0,2025-10-30,unstable,1.91.0,2025-10-30,1.91.1,2025-11-10,,,,,unstable,1.91.1,2025-11-10
object_safe_for_dispatch,1.75.0,2023-12-28,unstable,1.75.0,2023-12-28,1.82.0,2024-10-17,,,1.83.0,2024-11-28,removed,1.83.0,2024-11-28
offset_of_enum,1.75.0,2023-12-28,unstable,1.75.0,2023-12-28,1.91.1,2025-11-10,,,,,unstable,1.91.1,2025-11-10
offset_of_nested,1.77.0,2024-03-21,unstable,1.77.0,2024-03-21,1.81.0,2024-09-05,1.82.0,2024-10-17,,,accepted,1.82.0,2024-10-17
offset_of_slice,1.81.0,2024-09-05,unstable,1.81.0,2024-09-05,1.91.1,2025-11-10,,,,,unstable,1.91.1,2025-11-10
omit_gdb_pretty_printer_section,1.75.0,2023-12-28,internal,1.75.0,2023-12-28,1.90.0,2025-09-18,,,1.91.0,2025-10-30,removed,1.91.0,2025-10-30
on_unimplemented,1.40.0,2019-12-19,removed,1.40.0,2019-12-19,,,,,1.40.0,2019-12-19,removed,1.40.0,2019-12-19
opt_out_copy,1.0.0,2015-05-15,removed,1.0.0,2015-05-15,,,,,1.0.0,2015-05-15,removed,1.0.0,2015-05-15
optimize_attribute,1.75.0,2023-12-28,unstable,1.75.0,2023-12-28,1.91.1,2025-11-10,,,,,unstable,1.91.1,2025-11-10
optin_builtin_traits,1.0.0,2015-05-15,removed,1.0.0,2015-05-15,,,,,1.0.0,2015-05-15,removed,1.50.0,2021-02-11
or_patterns,1.53.0,2021-06-17,accepted,1.53.0,2021-06-17,,,1.53.0,2021-06-17,,,accepted,1.53.0,2021-06-17
overlapping_marker_traits,1.42.0,2020-03-12,removed,1.42.0,2020-03-12,,,,,1.42.0,2020-03-12,removed,1.42.0,2020-03-12
packed_bundled_libs,1.74.0,2023-11-16,accepted,1.74.0,2023-11-16,,,1.74.0,2023-11-16,,,accepted,1.74.0,2023-11-16
panic_handler,1.30.0,2018-10-25,accepted,1.30.0,2018-10-25,,,1.30.0,2018-10-25,,,accepted,1.30.0,2018-10-25
panic_implementation,1.28.0,2018-08-02,removed,1.28.0,2018-08-02,,,,,1.28.0,2018-08-02,removed,1.28.0,2018-08-02
panic_runtime,1.75.0,2023-12-28,internal,1.75.0,2023-12-28,1.91.1,2025-11-10,,,,,internal,1.91.1,2025-11-10
param_attrs,1.39.0,2019-11-07,accepted,1.39.0,2019-11-07,,,1.39.0,2019-11-07,,,accepted,1.39.0,2019-11-07
patchable_function_entry,1.81.0,2024-09-05,unstable,1.81.0,2024-09-05,1.91.1,2025-11-10,,,,,unstable,1.91.1,2025-11-10
pattern_complexity,1.78.0,2024-05-02,internal,1.78.0,2024-05-02,1.86.0,2025-04-03,,,,,internal,1.86.0,2025-04-03
pattern_complexity_limit,1.87.0,2025-05-15,internal,1.87.0,2025-05-15,1.91.1,2025-11-10,,,,,internal,1.91.1,2025-11-10
pattern_parentheses,1.31.0,2018-12-06,accepted,1.31.0,2018-12-06,,,1.31.0,2018-12-06,,,accepted,1.31.0,2018-12-06
pattern_types,1.79.0,2024-06-13,internal,1.79.0,2024-06-13,1.91.1,2025-11-10,,,,,internal,1.91.1,2025-11-10
pin_ergonomics,1.83.0,2024-11-28,incomplete,1.83.0,2024-11-28,1.91.1,2025-11-10,,,,,incomplete,1.91.1,2025-11-10
platform_intrinsics,1.4.0,2015-10-29,removed,1.75.0,2023-12-28,1.77.2,2024-04-09,,,1.4.0,2015-10-29,removed,1.78.0,2024-05-02
plugin,1.75.0,2023-12-28,removed,1.75.0,2023-12-28,,,,,1.75.0,2023-12-28,removed,1.75.0,2023-12-28
plugin_registrar,1.54.0,2021-07-29,removed,1.54.0,2021-07-29,,,,,1.54.0,2021-07-29,removed,1.75.0,2023-12-28
postfix_match,1.79.0,2024-06-13,unstable,1.79.0,2024-06-13,1.91.1,2025-11-10,,,,,unstable,1.91.1,2025-11-10
powerpc_target_feature,1.75.0,2023-12-28,unstable,1.75.0,2023-12-28,1.91.1,2025-11-10,,,,,unstable,1.91.1,2025-11-10
precise_capturing,1.79.0,2024-06-13,incomplete,1.79.0,2024-06-13,1.81.0,2024-09-05,1.82.0,2024-10-17,,,accepted,1.82.0,2024-10-17
precise_capturing_in_traits,1.83.0,2024-11-28,unstable,1.83.0,2024-11-28,1.86.0,2025-04-03,1.87.0,2025-05-15,,,accepted,1.87.0,2025-05-15
precise_pointer_size_matching,1.32.0,2019-01-17,removed,1.75.0,2023-12-28,1.75.0,2023-12-28,,,1.32.0,2019-01-17,removed,1.76.0,2024-02-08
pref_align_of,1.89.0,2025-08-07,removed,1.89.0,2025-08-07,,,,,1.89.0,2025-08-07,removed,1.89.0,2025-08-07
prelude_import,1.75.0,2023-12-28,internal,1.75.0,2023-12-28,1.91.1,2025-11-10,,,,,internal,1.91.1,2025-11-10
prfchw_target_feature,1.78.0,2024-05-02,unstable,1.78.0,2024-05-02,1.91.1,2025-11-10,,,,,unstable,1.91.1,2025-11-10
proc_macro,1.15.0,2017-02-02,accepted,1.15.0,2017-02-02,,,1.15.0,2017-02-02,,,accepted,1.29.0,2018-09-13
proc_macro_expr,1.27.0,2018-06-21,removed,1.27.0,2018-06-21,,,,,1.27.0,2018-06-21,removed,1.27.0,2018-06-21
proc_macro_gen,1.27.0,2018-06-21,removed,1.27.0,2018-06-21,,,,,1.27.0,2018-06-21,removed,1.27.0,2018-06-21
proc_macro_hygiene,1.75.0,2023-12-28,unstable,1.75.0,2023-12-28,1.91.1,2025-11-10,,,,,unstable,1.91.1,2025-11-10
proc_macro_mod,1.27.0,2018-06-21,removed,1.27.0,2018-06-21,,,,,1.27.0,2018-06-21,removed,1.27.0,2018-06-21
proc_macro_non_items,1.27.0,2018-06-21,removed,1.27.0,2018-06-21,,,,,1.27.0,2018-06-21,removed,1.27.0,2018-06-21
proc_macro_path_invoc,1.30.0,2018-10-25,accepted,1.30.0,2018-10-25,,,1.30.0,2018-10-25,,,accepted,1.30.0,2018-10-25
profiler_runtime,1.75.0,2023-12-28,internal,1.75.0,2023-12-28,1.91.1,2025-11-10,,,,,internal,1.91.1,2025-11-10
pub_macro_rules,1.53.0,2021-06-17,removed,1.53.0,2021-06-17,,,,,1.53.0,2021-06-17,removed,1.53.0,2021-06-17
pub_restricted,1.18.0,2017-06-08,accepted,1.18.0,2017-06-08,,,1.18.0,2017-06-08,,,accepted,1.18.0,2017-06-08
pushpop_unsafe,1.2.0,2015-08-07,removed,1.2.0,2015-08-07,,,,,1.2.0,2015-08-07,removed,1.2.0,2015-08-07
quad_precision_float,1.0.0,2015-05-15,removed,1.0.0,2015-05-15,,,,,1.0.0,2015-05-15,removed,1.0.0,2015-05-15
question_mark,1.13.0,2016-11-10,accepted,1.13.0,2016-11-10,,,1.13.0,2016-11-10,,,accepted,1.14.0,2016-12-22
quote,1.0.0,2015-05-15,removed,1.0.0,2015-05-15,,,,,1.0.0,2015-05-15,removed,1.33.0,2019-02-28
raw_dylib,1.71.0,2023-07-13,accepted,1.71.0,2023-07-13,,,1.71.0,2023-07-13,,,accepted,1.71.0,2023-07-13
raw_dylib_elf,1.87.0,2025-05-15,incomplete,1.87.0,2025-05-15,1.91.1,2025-11-10,,,,,incomplete,1.91.1,2025-11-10
raw_identifiers,1.30.0,2018-10-25,accepted,1.30.0,2018-10-25,,,1.30.0,2018-10-25,,,accepted,1.30.0,2018-10-25
raw_ref_op,1.75.0,2023-12-28,unstable,1.75.0,2023-12-28,1.81.0,2024-09-05,1.82.0,2024-10-17,,,accepted,1.82.0,2024-10-17
re_rebalance_coherence,1.41.0,2020-01-30,accepted,1.41.0,2020-01-30,,,1.41.0,2020-01-30,,,accepted,1.41.0,2020-01-30
reborrow,1.91.0,2025-10-30,unstable,1.91.0,2025-10-30,1.91.1,2025-11-10,,,,,unstable,1.91.1,2025-11-10
ref_pat_eat_one_layer_2024,1.79.0,2024-06-13,incomplete,1.79.0,2024-06-13,1.91.1,2025-11-10,,,,,incomplete,1.91.1,2025-11-10
ref_pat_eat_one_layer_2024_structural,1.81.0,2024-09-05,incomplete,1.81.0,2024-09-05,1.91.1,2025-11-10,,,,,incomplete,1.91.1,2025-11-10
ref_pat_everywhere,1.79.0,2024-06-13,incomplete,1.79.0,2024-06-13,1.79.0,2024-06-13,,,1.79.0,2024-06-13,removed,1.80.0,2024-07-25
reflect,1.0.0,2015-05-15,removed,1.0.0,2015-05-15,,,,,1.0.0,2015-05-15,removed,1.0.0,2015-05-15
register_attr,1.65.0,2022-11-03,removed,1.65.0,2022-11-03,,,,,1.65.0,2022-11-03,removed,1.65.0,2022-11-03
register_tool,1.75.0,2023-12-28,unstable,1.75.0,2023-12-28,1.91.1,2025-11-10,,,,,unstable,1.91.1,2025-11-10
relaxed_adts,1.19.0,2017-07-20,accepted,1.19.0,2017-07-20,,,1.19.0,2017-07-20,,,accepted,1.19.0,2017-07-20
relaxed_struct_unsize,1.58.0,2022-01-13,accepted,1.58.0,2022-01-13,,,1.58.0,2022-01-13,,,accepted,1.58.0,2022-01-13
repr128,1.75.0,2023-12-28,incomplete,1.75.0,2023-12-28,1.88.0,2025-06-26,1.89.0,2025-08-07,,,accepted,1.89.0,2025-08-07
repr_align,1.24.0,2018-02-15,accepted,1.24.0,2018-02-15,,,1.24.0,2018-02-15,,,accepted,1.25.0,2018-03-29
repr_align_enum,1.37.0,2019-08-15,accepted,1.37.0,2019-08-15,,,1.37.0,2019-08-15,,,accepted,1.37.0,2019-08-15
repr_packed,1.33.0,2019-02-28,accepted,1.33.0,2019-02-28,,,1.33.0,2019-02-28,,,accepted,1.33.0,2019-02-28
repr_simd,1.75.0,2023-12-28,unstable,1.75.0,2023-12-28,1.91.1,2025-11-10,,,,,unstable,1.91.1,2025-11-10
repr_transparent,1.28.0,2018-08-02,accepted,1.28.0,2018-08-02,,,1.28.0,2018-08-02,,,accepted,1.28.0,2018-08-02
result_ffi_guarantees,1.80.0,2024-07-25,unstable,1.80.0,2024-07-25,1.83.0,2024-11-28,1.84.0,2025-01-09,,,accepted,1.84.0,2025-01-09
return_position_impl_trait_in_trait,1.75.0,2023-12-28,accepted,1.75.0,2023-12-28,,,1.75.0,2023-12-28,,,accepted,1.75.0,2023-12-28
return_type_notation,1.75.0,2023-12-28,incomplete,1.75.0,2023-12-28,1.91.1,2025-11-10,,,,,unstable,1.91.1,2025-11-10
riscv_target_feature,1.75.0,2023-12-28,unstable,1.75.0,2023-12-28,1.91.1,2025-11-10,,,,,unstable,1.91.1,2025-11-10
rtm_target_feature,1.75.0,2023-12-28,unstable,1.75.0,2023-12-28,1.91.1,2025-11-10,,,,,unstable,1.91.1,2025-11-10
rust_2018_preview,1.76.0,2024-02-08,removed,1.76.0,2024-02-08,,,,,1.76.0,2024-02-08,removed,1.76.0,2024-02-08
rust_cold_cc,1.75.0,2023-12-28,unstable,1.75.0,2023-12-28,1.91.1,2025-11-10,,,,,unstable,1.91.1,2025-11-10
rustc_allow_const_fn_unstable,1.75.0,2023-12-28,internal,1.75.0,2023-12-28,1.91.1,2025-11-10,,,,,internal,1.91.1,2025-11-10
rustc_attrs,1.75.0,2023-12-28,internal,1.75.0,2023-12-28,1.91.1,2025-11-10,,,,,internal,1.91.1,2025-11-10
rustc_diagnostic_macros,1.38.0,2019-09-26,removed,1.38.0,2019-09-26,,,,,1.38.0,2019-09-26,removed,1.38.0,2019-09-26
rustc_private,1.75.0,2023-12-28,unstable,1.75.0,2023-12-28,1.91.1,2025-11-10,,,,,unstable,1.91.1,2025-11-10
rustdoc_internals,1.75.0,2023-12-28,internal,1.75.0,2023-12-28,1.91.1,2025-11-10,,,,,internal,1.91.1,2025-11-10
rustdoc_missing_doc_code_examples,1.75.0,2023-12-28,unstable,1.75.0,2023-12-28,1.91.1,2025-11-10,,,,,unstable,1.91.1,2025-11-10
rvalue_static_promotion,1.21.0,2017-10-12,accepted,1.21.0,2017-10-12,,,1.21.0,2017-10-12,,,accepted,1.21.0,2017-10-12
s390x_target_feature,1.82.0,2024-10-17,unstable,1.82.0,2024-10-17,1.91.1,2025-11-10,,,,,unstable,1.91.1,2025-11-10
sanitize,1.91.0,2025-10-30,unstable,1.91.0,2025-10-30,1.91.1,2025-11-10,,,,,unstable,1.91.1,2025-11-10
sanitizer_runtime,1.17.0,2017-04-27,removed,1.17.0,2017-04-27,,,,,1.17.0,2017-04-27,removed,1.17.0,2017-04-27
self_in_typedefs,1.32.0,2019-01-17,accepted,1.32.0,2019-01-17,,,1.32.0,2019-01-17,,,accepted,1.32.0,2019-01-17
self_struct_ctor,1.32.0,2019-01-17,accepted,1.32.0,2019-01-17,,,1.32.0,2019-01-17,,,accepted,1.32.0,2019-01-17
sha512_sm_x86,1.82.0,2024-10-17,unstable,1.82.0,2024-10-17,1.88.0,2025-06-26,1.89.0,2025-08-07,,,accepted,1.89.0,2025-08-07
shorter_tail_lifetimes,1.81.0,2024-09-05,unstable,1.81.0,2024-09-05,1.83.0,2024-11-28,1.84.0,2025-01-09,,,accepted,1.84.0,2025-01-09
simd,1.0.0,2015-05-15,removed,1.0.0,2015-05-15,,,,,1.0.0,2015-05-15,removed,1.0.0,2015-05-15
simd_ffi,1.75.0,2023-12-28,unstable,1.75.0,2023-12-28,1.91.1,2025-11-10,,,,,unstable,1.91.1,2025-11-10
sized_hierarchy,1.89.0,2025-08-07,unstable,1.89.0,2025-08-07,1.91.1,2025-11-10,,,,,unstable,1.91.1,2025-11-10
slice_patterns,1.42.0,2020-03-12,accepted,1.42.0,2020-03-12,,,1.42.0,2020-03-12,,,accepted,1.42.0,2020-03-12
slicing_syntax,1.0.0,2015-05-15,accepted,1.0.0,2015-05-15,,,1.0.0,2015-05-15,,,accepted,1.0.0,2015-05-15
sparc_target_feature,1.84.0,2025-01-09,unstable,1.84.0,2025-01-09,1.91.1,2025-11-10,,,,,unstable,1.91.1,2025-11-10
specialization,1.75.0,2023-12-28,incomplete,1.75.0,2023-12-28,1.91.1,2025-11-10,,,,,incomplete,1.91.1,2025-11-10
sse4a_target_feature,1.75.0,2023-12-28,unstable,1.75.0,2023-12-28,1.90.0,2025-09-18,1.91.0,2025-10-30,,,accepted,1.91.0,2025-10-30
staged_api,1.75.0,2023-12-28,internal,1.75.0,2023-12-28,1.91.1,2025-11-10,,,,,internal,1.91.1,2025-11-10
start,1.0.0,2015-05-15,removed,1.75.0,2023-12-28,1.85.1,2025-03-18,,,1.0.0,2015-05-15,removed,1.86.0,2025-04-03
static_align,1.91.0,2025-10-30,unstable,1.91.0,2025-10-30,1.91.1,2025-11-10,,,,,unstable,1.91.1,2025-11-10
static_in_const,1.17.0,2017-04-27,accepted,1.17.0,2017-04-27,,,1.17.0,2017-04-27,,,accepted,1.17.0,2017-04-27
static_nobundle,1.16.0,2017-03-16,removed,1.16.0,2017-03-16,,,,,1.16.0,2017-03-16,removed,1.63.0,2022-08-11
static_recursion,1.17.0,2017-04-27,accepted,1.17.0,2017-04-27,,,1.17.0,2017-04-27,,,accepted,1.17.0,2017-04-27
stmt_expr_attributes,1.75.0,2023-12-28,unstable,1.75.0,2023-12-28,1.91.1,2025-11-10,,,,,unstable,1.91.1,2025-11-10
strict_provenance,1.75.0,2023-12-28,unstable,1.75.0,2023-12-28,1.83.0,2024-11-28,,,,,unstable,1.83.0,2024-11-28
strict_provenance_lints,1.84.0,2025-01-09,unstable,1.84.0,2025-01-09,1.91.1,2025-11-10,,,,,unstable,1.91.1,2025-11-10
string_deref_patterns,1.75.0,2023-12-28,unstable,1.75.0,2023-12-28,1.91.1,2025-11-10,,,,,unstable,1.91.1,2025-11-10
struct_field_attributes,1.20.0,2017-08-31,accepted,1.20.0,2017-08-31,,,1.20.0,2017-08-31,,,accepted,1.20.0,2017-08-31
struct_inherit,1.0.0,2015-05-15,removed,1.0.0,2015-05-15,,,,,1.0.0,2015-05-15,removed,1.0.0,2015-05-15
struct_target_features,1.82.0,2024-10-17,incomplete,1.82.0,2024-10-17,1.82.0,2024-10-17,,,,,incomplete,1.82.0,2024-10-17
struct_variant,1.0.0,2015-05-15,accepted,1.0.0,2015-05-15,,,1.0.0,2015-05-15,,,accepted,1.0.0,2015-05-15
structural_match,1.75.0,2023-12-28,unstable,1.75.0,2023-12-28,1.91.1,2025-11-10,,,,,unstable,1.91.1,2025-11-10
super_let,1.88.0,2025-06-26,unstable,1.88.0,2025-06-26,1.91.1,2025-11-10,,,,,unstable,1.91.1,2025-11-10
supertrait_item_shadowing,1.86.0,2025-04-03,unstable,1.86.0,2025-04-03,1.91.1,2025-11-10,,,,,unstable,1.91.1,2025-11-10
target_feature,1.27.0,2018-06-21,accepted,1.27.0,2018-06-21,,,1.27.0,2018-06-21,,,accepted,1.27.0,2018-06-21
target_feature_11,1.75.0,2023-12-28,unstable,1.75.0,2023-12-28,1.85.1,2025-03-18,1.86.0,2025-04-03,,,accepted,1.86.0,2025-04-03
target_feature_inline_always,1.91.0,2025-10-30,unstable,1.91.0,2025-10-30,1.91.1,2025-11-10,,,,,unstable,1.91.1,2025-11-10
tbm_target_feature,1.75.0,2023-12-28,unstable,1.75.0,2023-12-28,1.90.0,2025-09-18,1.91.0,2025-10-30,,,accepted,1.91.0,2025-10-30
termination_trait,1.26.0,2018-05-10,accepted,1.26.0,2018-05-10,,,1.26.0,2018-05-10,,,accepted,1.26.0,2018-05-10
termination_trait_test,1.27.0,2018-06-21,accepted,1.27.0,2018-06-21,,,1.27.0,2018-06-21,,,accepted,1.27.0,2018-06-21
test_2018_feature,1.75.0,2023-12-28,internal,1.75.0,2023-12-28,1.75.0,2023-12-28,,,,,internal,1.75.0,2023-12-28
test_accepted_feature,1.0.0,2015-05-15,accepted,1.0.0,2015-05-15,,,1.0.0,2015-05-15,,,accepted,1.0.0,2015-05-15
test_removed_feature,1.0.0,2015-05-15,removed,1.0.0,2015-05-15,,,,,1.0.0,2015-05-15,removed,1.0.0,2015-05-15
test_unstable_lint,1.75.0,2023-12-28,internal,1.75.0,2023-12-28,1.91.1,2025-11-10,,,,,internal,1.91.1,2025-11-10
thread_local,1.75.0,2023-12-28,unstable,1.75.0,2023-12-28,1.91.1,2025-11-10,,,,,unstable,1.91.1,2025-11-10
tool_attributes,1.30.0,2018-10-25,accepted,1.30.0,2018-10-25,,,1.30.0,2018-10-25,,,accepted,1.30.0,2018-10-25
tool_lints,1.31.0,2018-12-06,accepted,1.31.0,2018-12-06,,,1.31.0,2018-12-06,,,accepted,1.31.0,2018-12-06
track_caller,1.46.0,2020-08-27,accepted,1.46.0,2020-08-27,,,1.46.0,2020-08-27,,,accepted,1.46.0,2020-08-27
trait_alias,1.75.0,2023-12-28,unstable,1.75.0,2023-12-28,1.91.1,2025-11-10,,,,,unstable,1.91.1,2025-11-10
trait_upcasting,1.75.0,2023-12-28,unstable,1.75.0,2023-12-28,1.85.1,2025-03-18,1.86.0,2025-04-03,,,accepted,1.86.0,2025-04-03
transmute_generic_consts,1.75.0,2023-12-28,unstable,1.75.0,2023-12-28,1.91.1,2025-11-10,,,,,unstable,1.91.1,2025-11-10
transparent_enums,1.42.0,2020-03-12,accepted,1.42.0,2020-03-12,,,1.42.0,2020-03-12,,,accepted,1.42.0,2020-03-12
transparent_unions,1.75.0,2023-12-28,unstable,1.75.0,2023-12-28,1.91.1,2025-11-10,,,,,unstable,1.91.1,2025-11-10
trivial_bounds,1.75.0,2023-12-28,unstable,1.75.0,2023-12-28,1.91.1,2025-11-10,,,,,unstable,1.91.1,2025-11-10
try_blocks,1.75.0,2023-12-28,unstable,1.75.0,2023-12-28,1.91.1,2025-11-10,,,,,unstable,1.91.1,2025-11-10
tuple_indexing,1.0.0,2015-05-15,accepted,1.0.0,2015-05-15,,,1.0.0,2015-05-15,,,accepted,1.0.0,2015-05-15
type_alias_enum_variants,1.37.0,2019-08-15,accepted,1.37.0,2019-08-15,,,1.37.0,2019-08-15,,,accepted,1.37.0,2019-08-15
type_alias_impl_trait,1.75.0,2023-12-28,unstable,1.75.0,2023-12-28,1.91.1,2025-11-10,,,,,unstable,1.91.1,2025-11-10
type_ascription,1.75.0,2023-12-28,unstable,1.75.0,2023-12-28,1.80.1,2024-08-08,,,,,unstable,1.80.1,2024-08-08
type_changing_struct_update,1.75.0,2023-12-28,unstable,1.75.0,2023-12-28,1.91.1,2025-11-10,,,,,unstable,1.91.1,2025-11-10
type_macros,1.13.0,2016-11-10,accepted,1.13.0,2016-11-10,,,1.13.0,2016-11-10,,,accepted,1.13.0,2016-11-10
type_privacy_lints,1.75.0,2023-12-28,unstable,1.75.0,2023-12-28,1.78.0,2024-05-02,1.79.0,2024-06-13,,,accepted,1.79.0,2024-06-13
unboxed_closures,1.75.0,2023-12-28,unstable,1.75.0,2023-12-28,1.91.1,2025-11-10,,,,,unstable,1.91.1,2025-11-10
underscore_const_names,1.37.0,2019-08-15,accepted,1.37.0,2019-08-15,,,1.37.0,2019-08-15,,,accepted,1.37.0,2019-08-15
underscore_imports,1.33.0,2019-02-28,accepted,1.33.0,2019-02-28,,,1.33.0,2019-02-28,,,accepted,1.33.0,2019-02-28
underscore_lifetimes,1.26.0,2018-05-10,accepted,1.26.0,2018-05-10,,,1.26.0,2018-05-10,,,accepted,1.26.0,2018-05-10
uniform_paths,1.32.0,2019-01-17,accepted,1.32.0,2019-01-17,,,1.32.0,2019-01-17,,,accepted,1.32.0,2019-01-17
universal_impl_trait,1.26.0,2018-05-10,accepted,1.26.0,2018-05-10,,,1.26.0,2018-05-10,,,accepted,1.26.0,2018-05-10
unix_sigpipe,1.75.0,2023-12-28,unstable,1.75.0,2023-12-28,1.79.0,2024-06-13,,,,,unstable,1.79.0,2024-06-13
unmarked_api,1.0.0,2015-05-15,removed,1.0.0,2015-05-15,,,,,1.0.0,2015-05-15,removed,1.0.0,2015-05-15
unnamed_fields,1.75.0,2023-12-28,incomplete,1.75.0,2023-12-28,1.82.0,2024-10-17,,,1.83.0,2024-11-28,removed,1.83.0,2024-11-28
unqualified_local_imports,1.83.0,2024-11-28,unstable,1.83.0,2024-11-28,1.91.1,2025-11-10,,,,,unstable,1.91.1,2025-11-10
unrestricted_attribute_tokens,1.34.0,2019-04-11,accepted,1.34.0,2019-04-11,,,1.34.0,2019-04-11,,,accepted,1.34.0,2019-04-11
unsafe_attributes,1.80.0,2024-07-25,unstable,1.80.0,2024-07-25,1.81.0,2024-09-05,1.82.0,2024-10-17,,,accepted,1.82.0,2024-10-17
unsafe_binders,1.85.0,2025-02-20,incomplete,1.85.0,2025-02-20,1.91.1,2025-11-10,,,,,incomplete,1.91.1,2025-11-10
unsafe_block_in_unsafe_fn,1.51.0,2021-03-25,accepted,1.51.0,2021-03-25,,,1.51.0,2021-03-25,,,accepted,1.52.0,2021-05-06
unsafe_extern_blocks,1.80.0,2024-07-25,unstable,1.80.0,2024-07-25,1.81.0,2024-09-05,1.82.0,2024-10-17,,,accepted,1.82.0,2024-10-17
unsafe_fields,1.85.0,2025-02-20,incomplete,1.85.0,2025-02-20,1.91.1,2025-11-10,,,,,incomplete,1.91.1,2025-11-10
unsafe_no_drop_flag,1.0.0,2015-05-15,removed,1.0.0,2015-05-15,,,,,1.0.0,2015-05-15,removed,1.0.0,2015-05-15
unsafe_pin_internals,1.75.0,2023-12-28,internal,1.75.0,2023-12-28,1.75.0,2023-12-28,,,,,internal,1.75.0,2023-12-28
unsized_const_params,1.82.0,2024-10-17,incomplete,1.82.0,2024-10-17,1.91.1,2025-11-10,,,,,incomplete,1.91.1,2025-11-10
unsized_fn_params,1.75.0,2023-12-28,unstable,1.75.0,2023-12-28,1.91.1,2025-11-10,,,,,internal,1.91.1,2025-11-10
unsized_locals,1.75.0,2023-12-28,incomplete,1.75.0,2023-12-28,1.88.0,2025-06-26,,,1.89.0,2025-08-07,removed,1.89.0,2025-08-07
unsized_tuple_coercion,1.75.0,2023-12-28,unstable,1.75.0,2023-12-28,1.86.0,2025-04-03,,,1.87.0,2025-05-15,removed,1.87.0,2025-05-15
untagged_unions,1.13.0,2016-11-10,removed,1.13.0,2016-11-10,,,,,1.13.0,2016-11-10,removed,1.64.0,2022-09-22
unwind_attributes,1.56.0,2021-10-21,removed,1.56.0,2021-10-21,,,,,1.56.0,2021-10-21,removed,1.56.0,2021-10-21
use_extern_macros,1.30.0,2018-10-25,accepted,1.30.0,2018-10-25,,,1.30.0,2018-10-25,,,accepted,1.30.0,2018-10-25
use_nested_groups,1.25.0,2018-03-29,accepted,1.25.0,2018-03-29,,,1.25.0,2018-03-29,,,accepted,1.25.0,2018-03-29
used,1.30.0,2018-10-25,accepted,1.30.0,2018-10-25,,,1.30.0,2018-10-25,,,accepted,1.30.0,2018-10-25
used_with_arg,1.75.0,2023-12-28,unstable,1.75.0,2023-12-28,1.91.1,2025-11-10,,,,,unstable,1.91.1,2025-11-10
visible_private_types,1.0.0,2015-05-15,removed,1.0.0,2015-05-15,,,,,1.0.0,2015-05-15,removed,1.0.0,2015-05-15
wasm_abi,1.75.0,2023-12-28,unstable,1.75.0,2023-12-28,1.80.1,2024-08-08,,,1.81.0,2024-09-05,removed,1.81.0,2024-09-05
wasm_target_feature,1.75.0,2023-12-28,unstable,1.75.0,2023-12-28,1.91.1,2025-11-10,,,,,unstable,1.91.1,2025-11-10
where_clause_attrs,1.87.0,2025-05-15,unstable,1.87.0,2025-05-15,1.91.1,2025-11-10,,,,,unstable,1.91.1,2025-11-10
while_let,1.0.0,2015-05-15,accepted,1.0.0,2015-05-15,,,1.0.0,2015-05-15,,,accepted,1.0.0,2015-05-15
windows_subsystem,1.18.0,2017-06-08,accepted,1.18.0,2017-06-08,,,1.18.0,2017-06-08,,,accepted,1.18.0,2017-06-08
with_negative_coherence,1.75.0,2023-12-28,unstable,1.75.0,2023-12-28,1.91.1,2025-11-10,,,,,unstable,1.91.1,2025-11-10
x86_amx_intrinsics,1.81.0,2024-09-05,unstable,1.81.0,2024-09-05,1.91.1,2025-11-10,,,,,unstable,1.91.1,2025-11-10
x87_target_feature,1.85.0,2025-02-20,unstable,1.85.0,2025-02-20,1.91.1,2025-11-10,,,,,unstable,1.91.1,2025-11-10
xop_target_feature,1.81.0,2024-09-05,unstable,1.81.0,2024-09-05,1.91.1,2025-11-10,,,,,unstable,1.91.1,2025-11-10
yeet_expr,1.75.0,2023-12-28,unstable,1.75.0,2023-12-28,1.91.1,2025-11-10,,,,,unstable,1.91.1,2025-11-10
yield_expr,1.87.0,2025-05-15,unstable,1.87.0,2025-05-15,1.91.1,2025-11-10,,,,,unstable,1.91.1,2025-11-10
