crate_id,name,repository,downloads,top_category,all_categories,created_year,updated_year,pop_stratum
771233,debug-adapter-protocol,https://github.com/vanilla-technologies/debug-adapter-protocol,2794,api-bindings,"api-bindings,development-tools::debugging",2023,2023,low
533071,rester,https://github.com/kinyoklion/rester,11904,uncategorized,,2023,2023,mid
532088,wselector,https://github.com/wSelector,2141,command-line-interface,"command-line-interface,command-line-utilities",2022,2022,low
1030376,awzod,https://github.com/orzklv/awesome-shakhzod,5399,uncategorized,,2024,2024,mid
1184300,bgpsim,https://github.com/nsg-ethz/bgpsim,15844,simulation,simulation,2025,2025,mid
1805853,rs-voice-toolkit-stt,https://github.com/soddygo/rs-voice-toolkit,3518,api-bindings,"api-bindings,multimedia::audio",2025,2025,low
1749680,world-shipping,https://github.com/franzos/world-tax-rs,1034,finance,finance,2025,2025,low
872272,mixnet,https://github.com/paritytech/mixnet/,3735417,asynchronous,"asynchronous,network-programming",2023,2023,high
1843437,kotoba-state-graph,https://github.com/com-junkawasaki/kotoba,821,data-structures,"data-structures,gui",2025,2025,low
749363,lang_pt,https://github.com/creative-forest/lang-pt,4860,uncategorized,,2023,2023,low
893778,bevy_b3d,https://github.com/scpcbredux/b3d/,9045,uncategorized,,2024,2024,mid
601173,tetris-cli,https://github.com/blueOkiris/tetris-cli,5065,uncategorized,,2023,2023,mid
1565423,zhixiang,https://github.com/Icemic/zhixiang,775,uncategorized,,2025,2025,low
361743,lfest,https://github.com/MathisWellmann/lfest-rs,228435,finance,"finance,simulation",2024,2024,high
1866103,multi-rpc,https://github.com/dan-da/multi-rpc,992,network-programming,"network-programming,web-programming",2025,2025,low
1416281,alum,https://github.com/ranjeethmahankali/alum,11507,graphics,"graphics,mathematics,rendering",2025,2025,mid
1849586,leptos-helios-app,https://github.com/cloud-shuttle/leptos-helios,293,visualization,"visualization,web-programming",2025,2025,low
564927,gid_cli,https://github.com/k-nasa/gid,5688,command-line-utilities,"command-line-utilities,development-tools",2022,2022,mid
80474,windows-acl,https://github.com/trailofbits/windows-acl,922440,os,"os,os::windows-apis",2021,2021,high
1534718,mdedit,https://github.com/thscharler/mdedit,10705,text-editors,text-editors,2025,2025,mid
1670900,tinc-derive,https://github.com/scufflecloud/scuffle,6711,uncategorized,,2025,2025,mid
1664645,clock-bound-vmclock,https://github.com/aws/clock-bound,2481,date-and-time,date-and-time,2025,2025,low
1715655,ironrdp-dvc-pipe-proxy,https://github.com/Devolutions/IronRDP,1233,network-programming,network-programming,2025,2025,low
1306163,tracing-layer-win-eventlog,https://github.com/itsscb/tracing-layer-win-eventlog,6220,os,os::windows-apis,2025,2025,mid
941060,stardict_lib,https://github.com/zangloo/stardict.git,3631,uncategorized,,2023,2023,low
649040,dac,https://github.com/vigenere23/disma,12893,command-line-utilities,"command-line-utilities,config",2022,2022,mid
1020282,subversion,https://github.com/jelmer/subversion-rs.git,10323,uncategorized,,2024,2024,mid
3673,downcast-rs,https://github.com/marcianx/downcast-rs,76181362,rust-patterns,rust-patterns,2025,2025,high
1532504,ellip,https://github.com/p-sira/ellip,12132,mathematics,"mathematics,science",2025,2025,mid
1615987,shiguredo_libvpx,https://github.com/shiguredo/hisui,2654,uncategorized,,2025,2025,low
379392,shared-resource-pool-builder,https://github.com/FloGa/shared-resource-pool-builder,4080,concurrency,concurrency,2022,2022,low
414177,pliantdb-macros,https://github.com/khonsulabs/pliantdb,1990,database-implementations,database-implementations,2021,2023,low
926110,find_duplicate_files,https://github.com/claudiofsr/find_duplicate_files,152043,command-line-utilities,command-line-utilities,2024,2024,high
1761792,orthanc_sdk,https://github.com/FNNDSC/orthanc-rs,3528,api-bindings,"api-bindings,science,science::neuroscience",2025,2025,low
1313103,tavla,https://github.com/GiftofHermes/tavla,1228,simulation,simulation,2024,2024,low
1220663,revm-fork-db,https://github.com/fuzzland/revm-fork-db,4046,uncategorized,,2024,2024,low
1847272,f-ck,https://github.com/arlyon/f-ck,321,uncategorized,,2025,2025,low
525430,test_logs,https://github.com/release-plz/release-plz/tree/main/crates/test_logs,37692,development-tools,"development-tools,development-tools::testing",2025,2025,high
291540,softfloat-wrapper-riscv,https://github.com/msyksphinz-self/softfloat-sys-riscv,1840,api-bindings,"api-bindings,mathematics",2020,2020,low
912110,mathguru,https://github.com/J-F-Liu/mathguru.git,2758,mathematics,"mathematics,science",2023,2023,low
153553,fluent-resmgr,https://github.com/projectfluent/fluent-rs,18385,internationalization,"internationalization,localization",2025,2025,mid
252875,rtic-syntax,https://github.com/rtic-rs/rtic-syntax,823955,concurrency,"concurrency,embedded,no-std",2023,2023,high
1793890,rsomeip-bytes,https://github.com/brunoldsilva/rsomeip,439,automotive,automotive,2025,2025,low
898413,dispo,https://github.com/ynuwenhof/dispo,2923,email,email,2023,2023,low
1890763,cargo-imagermachine,https://github.com/MassivDash/cargo-imagermachine,181,command-line-utilities,"command-line-utilities,compression,multimedia::images",2025,2025,low
965104,rustpython-stdlib,https://github.com/RustPython/RustPython,43181,uncategorized,,2024,2024,high
1768573,volli,https://github.com/wouterken/volli,781,command-line-utilities,"command-line-utilities,network-programming",2025,2025,low
105034,libp2p-mdns,https://github.com/libp2p/rust-libp2p,10752059,asynchronous,"asynchronous,network-programming",2025,2025,high
951430,sunscreen_curve25519,https://github.com/zkcrypto/curve25519-dalek-ng,5460,cryptography,"cryptography,no-std",2023,2023,mid
446513,pipeamqp,https://github.com/pipebase/pipebase,5614,uncategorized,,2021,2021,mid
378577,kolor-64,https://github.com/kabergstrom/kolor,14388,computer-vision,"computer-vision,graphics",2023,2023,mid
1851698,hysteria2,https://github.com/i18n-site/rust.git,1718,uncategorized,,2025,2025,low
671177,rusty-todo,https://github.com/dvidbruhm/rusty-todo,1509,command-line-utilities,command-line-utilities,2022,2022,low
32862,libimagentryref,https://github.com/matthiasbeyer/imag,29045,uncategorized,,2020,2020,high
332506,smt2parser,https://github.com/facebookincubator/smt2utils,511933,science,science,2021,2021,high
1598576,incodoc,https://github.com/codybloemhard/incodoc,2256,accessibility,"accessibility,parser-implementations",2025,2025,low
1317693,bmbp_dev_script,https://github.com/bmbper/bmbp_dev,1305,uncategorized,,2024,2024,low
98132,enum_primitive_serde_shim,https://github.com/novacrazy/serde_shims,15741,encoding,encoding,2023,2023,mid
180777,pretty_trace,https://github.com/10XGenomics/rust-toolbox,94439,uncategorized,,2022,2022,high
122915,rustyknife,https://github.com/zerospam/rustyknife.git,28305,email,"email,encoding,network-programming,parsing",2021,2021,high
1674625,rust-arc-gc,https://github.com/sjrsjz/arc-gc,5205,memory-management,"memory-management,rust-patterns",2025,2025,mid
79610,rocket-include-static-resources,https://github.com/magiclen/rocket-include-static-resources,90495,web-programming,web-programming,2023,2023,high
319904,rsmq_async_lite,https://github.com/Couragium/rsmq-async-rs,5257,uncategorized,,2020,2020,mid
1870757,fx-mq-jobs,https://github.com/jakob-lilliemarck/fx-mq-jobs,1478,asynchronous,"asynchronous,database",2025,2025,low
1560547,solana-transaction-utils,https://github.com/helium/tuktuk,15274,uncategorized,,2025,2025,mid
230439,staticfilemap,https://github.com/Systemcluster/staticfilemap,19129,compression,"compression,development-tools::build-utils,filesystem,no-std",2024,2024,mid
1579238,flashthing,https://github.com/JoeyEamigh/flashthing.git,1815,uncategorized,,2025,2025,low
183825,manual_future,https://github.com/dmarcuse/manual_future.git,3772053,asynchronous,"asynchronous,concurrency",2025,2025,high
1531314,obel_statechart,https://github.com/takula-tech/nita-obel,4755,game-engines,"game-engines,graphics,gui,rendering",2025,2025,low
805109,pearl2-rs,https://github.com/STRUCTiX/pearl2-rs,2615,parser-implementations,parser-implementations,2023,2023,low
495029,morsels_lang_latin,https://github.com/ang-zeyu/morsels,42423,uncategorized,,2022,2022,high
47868,signatory,https://github.com/iqlusioninc/crates/tree/main/signatory,6105835,authentication,"authentication,cryptography",2023,2023,high
1847811,bevy_houdini_loader,https://github.com/emnrdl/bevy_houdini_loader,313,development-tools,"development-tools,game-engines,graphics",2025,2025,low
1781079,winpty-rs-windows-version,https://github.com/microsoft/windows-rs,402,os,os::windows-apis,2025,2025,low
470457,microjson,https://github.com/rspencer01/microjson,13682,uncategorized,,2024,2024,mid
1881530,sa-token-rust,https://github.com/llc-993/sa-token-rust,503,authentication,"authentication,web-programming",2025,2025,low
1085085,hex_renderer,https://github.com/JohnDog3112/Hex-Renderer,10582,rendering,rendering,2025,2025,mid
120301,mediawiki,https://github.com/magnusmanske/mediawiki_rust,81201,api-bindings,"api-bindings,authentication",2024,2024,high
1337699,multichannel_audio,https://github.com/danijourdain/multichannel_audio,5441,hardware-support,"hardware-support,multimedia::audio",2024,2024,mid
247165,profiler-symbol-server,https://github.com/mstange/profiler-symbol-server/,31979,uncategorized,,2022,2022,high
790160,dypdl-heuristic-search,https://github.com/domain-independent-dp/didp-rs,23084,uncategorized,,2025,2025,mid
531744,sloggrs,https://github.com/Woomymy/Sloggrs,1550,uncategorized,,2022,2022,low
1029251,dbeel,https://github.com/tontinton/dbeel,1532,database-implementations,database-implementations,2023,2023,low
6372,google-androidpublisher2-cli,https://github.com/Byron/google-apis-rs/tree/main/gen/androidpublisher2-cli,32717,uncategorized,,2024,2024,high
1259327,objc2-exception-helper,https://github.com/madsmtm/objc2,1303395,no-std,"no-std,no-std::no-alloc,os::macos-apis",2025,2025,high
1587243,bytevm,https://github.com/burdockcascade/bytevm,5313,virtualization,virtualization,2025,2025,mid
9599,sozu,https://github.com/sozu-proxy/sozu,64884,network-programming,network-programming,2025,2025,high
1419822,carbon-curve25519-dalek,https://github.com/dalek-cryptography/curve25519-dalek,1121,cryptography,"cryptography,no-std",2024,2024,low
1904430,crypt2pay_pkcs11_loader,https://github.com/Cosmian/kms,316,security,security,2025,2025,low
1666368,cosmian_kms_client_wasm,https://github.com/Cosmian/kms,2823,security,security,2025,2025,low
1144667,logger_utc,https://github.com/HaDeSMonsta/logger_utc,17693,uncategorized,,2024,2024,mid
1838455,envfmt,https://github.com/pyk/envfmt,692,uncategorized,,2025,2025,low
369524,uh,https://github.com/yuulive/uh,1831,uncategorized,,2021,2021,low
155620,fancy-regex-fork-pb,https://github.com/philbooth/fancy-regex,9369,text-processing,text-processing,2020,2020,mid
1485395,edgegap,https://github.com/RJ/edgegap-arbctl/,1059,uncategorized,,2024,2024,low
217321,bottlerocket,https://github.com/bottlerocket-os/bottlerocket,1828,uncategorized,,2020,2020,low
1666132,cosmian_kms_access,https://github.com/Cosmian/kms,6133,security,security,2025,2025,mid
1030320,rc_bump,https://github.com/krtab/rc_bump,3889,memory-management,"memory-management,no-std,rust-patterns",2023,2023,low
719818,libtodoist,https://github.com/yitsushi/todoist-rs,8752,data-structures,"data-structures,web-programming::http-client",2024,2024,mid
701467,vk-mem-3-erupt,https://github.com/eigenraven/vk-mem-3-erupt,6019,api-bindings,"api-bindings,rendering,rendering::engine,rendering::graphics-api",2023,2023,mid
1412380,static_file_util,https://github.com/crabby-utils/static_file_util,3004,uncategorized,,2025,2025,low
718935,find-target,https://github.com/oovm/fs-tools,6317,uncategorized,,2022,2022,mid
468702,naia-hecs-server,https://github.com/naia-lib/naia,16029,game-development,"game-development,network-programming,wasm,web-programming",2023,2023,mid
143482,ringbuffer,https://github.com/NULLx76/ringbuffer/,3072259,data-structures,data-structures,2025,2025,high
602,magic-sys,https://github.com/robo9k/rust-magic-sys.git,1177274,external-ffi-bindings,"external-ffi-bindings,no-std",2025,2025,high
1027099,does-it-throw-wasm,https://github.com/michaelangeloio/does-it-throw,1597,uncategorized,,2023,2023,low
386111,maxmind_geo_ip2,https://github.com/mtphil/maxmind_geo_ip2,19748,web-programming,web-programming::http-client,2022,2022,mid
1687001,memoiz,https://github.com/withRiver/memoiz,1733,uncategorized,,2025,2025,low
1641840,evian-motion,https://github.com/vexide/evian/,802,embedded,"embedded,mathematics,no-std,science::robotics",2025,2025,low
229484,octocrab,https://github.com/XAMPPRocky/octocrab.git,8438083,web-programming,web-programming::http-client,2025,2025,high
298036,mtrs,https://github.com/ZippyMagician/mtrs.git,8883,uncategorized,,2020,2020,mid
844443,icondata_im,https://github.com/Carlosted/icondata,122607,web-programming,web-programming,2025,2025,high
809811,shuttle-axum,https://github.com/shuttle-hq/shuttle,397443,uncategorized,,2025,2025,high
259367,sunshine-identity-ffi,https://github.com/sunshine-protocol/sunshine-identity,11666,uncategorized,,2020,2020,mid
213480,oculussdk-sys,https://github.com/Nanopro/oculussdk-sys,1430,uncategorized,,2020,2023,low
822314,vdb-rs,https://github.com/Traverse-Research/vdb-rs,39546,rendering,rendering,2024,2024,high
1531311,obel_physics,https://github.com/obelengine/obel,2130,game-engines,"game-engines,graphics,gui,rendering",2025,2025,low
639187,firewire-dice-protocols,https://github.com/alsa-project/snd-firewire-ctl-services,7985,hardware-support,"hardware-support,multimedia",2024,2024,mid
999711,storage_dal_derive,https://github.com/JLerxky/storage_dal,4097,uncategorized,,2023,2023,low
1238687,tricolor,https://github.com/CestcaVison/tricolor,3507,encoding,"encoding,mathematics",2024,2024,low
185871,time-macros,https://github.com/time-rs/time,313624970,date-and-time,date-and-time,2025,2025,high
1655248,curve25519-dalek-derive-arcium-fork,https://github.com/arcium-hq/curve25519-dalek,3638,uncategorized,,2025,2025,low
1361423,nu_plugin_template,https://github.com/kaathewisegit/nugins,8232,template-engine,template-engine,2025,2025,mid
1584714,ui-cli,https://github.com/rust-ui/cli,10785,accessibility,"accessibility,development-tools,gui,wasm,web-programming",2025,2025,mid
1417966,crc16-umts-fast,https://github.com/TobiasBengtsson/crc-fast-rs,2798,uncategorized,,2025,2025,low
169741,debug-probe,https://github.com/probe-rs/probe-rs/probe,1908,development-tools,"development-tools::debugging,embedded,hardware-support",2019,2022,low
258688,shine_component_derive,https://github.com/zhming0/shine,1662,web-programming,web-programming,2020,2020,low
463815,whoareyou,https://github.com/berwyn/whoareyou,1601,uncategorized,,2021,2021,low
523696,oxrdf,https://github.com/oxigraph/oxigraph/tree/main/lib/oxrdf,183371,uncategorized,,2025,2025,high
1143399,jiff,https://github.com/BurntSushi/jiff,46165095,date-and-time,"date-and-time,no-std",2025,2025,high
1650658,esphome-native-api,https://github.com/DanielHabenicht/esphome-native-api,6143,api-bindings,api-bindings,2025,2025,mid
1222872,pinned-mutex,https://github.com/chadaustin/pinned-mutex,7899,concurrency,concurrency,2024,2024,mid
1212264,phala-rocket-middleware,https://github.com/Phala-Network/phala-blockchain,2628,uncategorized,,2024,2024,low
96449,crc32fast,https://github.com/srijs/rust-crc32fast,334910300,algorithms,"algorithms,no-std",2025,2025,high
375212,sierra,https://github.com/zakarumych/sierra,14593,rendering,rendering::graphics-api,2023,2023,mid
351550,signum,https://github.com/Xiphoseer/sdo-tool/tree/main/crates/signum,4561,uncategorized,,2021,2021,low
286142,terminal-clipboard,https://github.com/Canop/terminal-clipboard,64857,uncategorized,,2023,2023,high
456109,simulator,https://github.com/craftweg/simulator,1641,uncategorized,,2021,2021,low
1059685,cellular_raza-building-blocks,https://github.com/jonaspleyer/cellular_raza,34318,mathematics,"mathematics,science,simulation",2025,2025,high
1780396,splitline-minimal-krate,https://github.com/splitline/krate,409,development-tools,development-tools,2025,2025,low
323685,cntr-fuse-sys,https://github.com/Mic92/cntr-fuse,13017,external-ffi-bindings,"external-ffi-bindings,filesystem,os::unix-apis",2021,2021,mid
941278,realraum_backend_sounds,https://github.com/realraum/realraum-backend,1481,uncategorized,,2023,2023,low
168281,mazzaroth-rs-derive,https://github.com/kochavalabs/mazzaroth-rs,14283,uncategorized,,2022,2022,mid
744047,rust_bmp,https://github.com/CodeWolf33/rust_bmp,2275,uncategorized,,2022,2022,low
340909,slot_machine,https://github.com/avikuloff/slot_machine/,6459,game-engines,game-engines,2021,2021,mid
846332,airlang_bin,https://github.com/LambdaAlpha/airlang_rs,31074,compilers,compilers,2025,2025,high
124429,actix-web-actors,https://github.com/actix/actix-web,5117583,uncategorized,,2024,2024,high
1338429,tinge_lib,https://github.com/zipxing/tinge/lib,1361,command-line-utilities,"command-line-utilities,graphics,gui",2024,2024,low
890669,validus,https://github.com/axionbuster/validus,7391,rust-patterns,rust-patterns,2023,2023,mid
1901588,tryparse-derive,https://github.com/microagents/tryparse,421,development-tools,"development-tools,parsing,text-processing",2025,2025,low
1409901,vy-core,https://github.com/JonahLund/vy,3456,template-engine,"template-engine,web-programming",2025,2025,low
1093215,amjad_os_kernel_user_link,https://github.com/Amjad50/OS,12263,os,os,2024,2024,mid
348890,icmp-socket,https://github.com/zaphar/icmp-socket,10520,uncategorized,,2022,2022,mid
1350448,hubby-core,https://github.com/akesling/hubby,2163,uncategorized,,2024,2024,low
196275,rodbus,https://github.com/stepfunc/rodbus,16587,network-programming,network-programming,2024,2024,mid
1530909,x32_osc_state,https://github.com/jtsage/x32_osc_state,4839,uncategorized,,2025,2025,low
664545,versatile-data,https://github.com/OdenShirataki/versatile-data,270623,database-implementations,database-implementations,2024,2024,high
1126077,dot_ix_rt,https://github.com/azriel91/dot_ix,17867,visualization,visualization,2025,2025,mid
404872,influxrs,https://github.com/ijagberg/influx,14483,database,database,2024,2024,mid
779340,fuel-core-bin,https://github.com/FuelLabs/fuel-core,110077,concurrency,"concurrency,cryptography::cryptocurrencies,emulators",2025,2025,high
1451462,linkding-rs,https://github.com/zbrox/linkding-rs,1998,uncategorized,,2025,2025,low
448965,gdlogue,https://github.com/simhyeon/gdlogue-rs,2991,game-development,"game-development,text-processing",2021,2021,low
908423,microxdg,https://github.com/marcoradocchia/microxdg,7658,config,"config,filesystem",2024,2024,mid
254698,yeelight,https://github.com/leixb/yeelight,18262,api-bindings,"api-bindings,command-line-interface",2023,2023,mid
1280564,list-to-tabs,https://github.com/jackpots28/list_to_konsole-tabs_rs,2479,command-line-utilities,command-line-utilities,2024,2024,low
718461,defmt-tcp,https://github.com/miathedev/defmt-tcp,3934,command-line-utilities,"command-line-utilities,development-tools,embedded",2023,2023,low
29162,u2f,https://github.com/wisespace-io/u2f-rs,94735,authentication,authentication,2020,2020,high
1074090,qemu-plugin,https://github.com/novafacing/qemu-rs,9084,virtualization,virtualization,2025,2025,mid
1211841,objc2-cloud-kit,https://github.com/madsmtm/objc2,5121801,api-bindings,"api-bindings,development-tools::ffi,external-ffi-bindings,os::macos-apis",2025,2025,high
1791120,dioxus-stores-macro,https://github.com/DioxusLabs/dioxus/,32792,uncategorized,,2025,2025,high
1771963,network-protocol,https://github.com/jamesgober/network-protocol,2382,asynchronous,"asynchronous,authentication,concurrency,cryptography,network-programming",2025,2025,low
1518929,http2,https://github.com/0x676e67/http2,113943,asynchronous,"asynchronous,network-programming,web-programming",2025,2025,high
1303445,logi_code,https://github.com/Q0tzly/logi_code,1318,uncategorized,,2024,2024,low
362888,timemachine,https://github.com/barrowsys/timemachine,9981,data-structures,"data-structures,date-and-time",2021,2021,mid
725779,light-curve-dmdt-exec,https://github.com/light-curve/light-curve-dmdt,4573,uncategorized,,2024,2024,low
774462,eksup,https://github.com/clowdhaus/eksup,13632,command-line-utilities,"command-line-utilities,text-processing",2023,2023,mid
587,allegro_ttf,https://github.com/SiegeLord/RustAllegro,83858,rendering,rendering::data-formats,2025,2025,high
1533680,lize,https://github.com/AWeirdDev/lize,1479,uncategorized,,2025,2025,low
697126,noisy_bevy,https://github.com/johanhelsing/noisy_bevy,39017,game-development,game-development,2025,2025,high
457395,rasn-pkix,https://github.com/librasn/rasn.git,8612508,uncategorized,,2025,2025,high
428679,hyper_api_service,https://github.com/TeaEntityLab/hyperAPIService,13839,uncategorized,,2021,2021,mid
1333274,discern,https://github.com/azjezz/discern,5697,asynchronous,"asynchronous,concurrency,web-programming",2024,2024,mid
66413,cue-sys,https://github.com/mistydemeo/libcue.rs,6377,external-ffi-bindings,"external-ffi-bindings,parser-implementations",2025,2025,mid
1462351,sync-cell-slice,https://github.com/vigna/sync-cell-slice-rs/,8197,concurrency,concurrency,2024,2024,mid
103991,range-alloc,https://github.com/gfx-rs/range-alloc,6015584,memory-management,memory-management,2025,2025,high
709087,parallel-processor,https://github.com/Guilucand/parallel-processor-rs,29834,uncategorized,,2025,2025,high
1378417,shlf,https://github.com/ab22593k/shelf,25120,uncategorized,,2025,2025,high
1467929,carbon-helius-atlas-ws-datasource,https://github.com/sevenlabs-hq/carbon,9597,encoding,encoding,2025,2025,mid
473211,smtp-dump,https://github.com/platy/smtp-dump,1594,email,"email,network-programming",2021,2021,low
902989,openlemmy,https://github.com/openlemmy/openlemmy/,1485,uncategorized,,2023,2023,low
1326997,imap-client,https://github.com/pimalaya/imap-client/,13380,email,email,2025,2025,mid
1396535,rs_isl,https://github.com/KonradKaralus/rs_isl,3570,simulation,simulation,2024,2024,low
457242,threema-client,https://github.com/TheJonny/threema-client-rs,1579,uncategorized,,2021,2021,low
153798,ajson,https://github.com/importcjj/rust-ajson,46973,encoding,encoding,2022,2022,high
1398355,easy_config_core,https://github.com/Syst3mz/easy_config,964,config,config,2024,2024,low
1726466,monadlisa,https://github.com/neurons-me/this.audio,456,command-line-utilities,"command-line-utilities,encoding",2025,2025,low
661118,catboost-sys,https://github.com/jlloh/catboost-rs,11218,uncategorized,,2022,2022,mid
1785415,logfusion,https://github.com/deepbrain/superconfig,390,api-bindings,"api-bindings,development-tools::debugging",2025,2025,low
1192703,spacecrafts,https://github.com/bmflynn/spacecrafts-rs,5932,aerospace,aerospace::space-protocols,2024,2024,mid
219492,iref,https://github.com/timothee-haudebourg/iref,4304438,internationalization,"internationalization,web-programming",2024,2024,high
980203,string-template-plus,https://github.com/Atreyagaurav/string-template-plus,28035,template-engine,"template-engine,text-processing",2024,2024,high
1233408,did-simple,https://github.com/NexusSocial/nexus-vr,5423,uncategorized,,2024,2024,mid
919742,serde_derive-x86_64-unknown-linux-gnu,https://github.com/serde-rs/serde,4800,no-std,"no-std,no-std::no-alloc",2023,2023,low
1818143,bwk-electrum,https://github.com/pythcoiner/bwk,1301,uncategorized,,2025,2025,low
1407291,solana-reward-info,https://github.com/anza-xyz/solana-sdk,1446434,uncategorized,,2025,2025,high
149652,dtn7,https://github.com/dtn7/dtn7-rs,112061,command-line-utilities,"command-line-utilities,network-programming",2024,2024,high
620029,termoney,https://github.com/JuanCSUCoder/TerMoney,3720,uncategorized,,2022,2022,low
314226,identifier_derive,https://github.com/MathieuTricoire/identifier,6120,uncategorized,,2020,2020,mid
464204,linux-rtic-macros,https://github.com/chemicstry/linux-rtic,3545,concurrency,"concurrency,data-structures",2021,2021,low
1416405,crc8-dvbs2-fast,https://github.com/TobiasBengtsson/crc-fast-rs,3516,uncategorized,,2025,2025,low
1890888,np-cli,https://github.com/jordyfontoura/np,176,command-line-utilities,"command-line-utilities,development-tools",2025,2025,low
440085,rwarden_crypto,https://github.com/nn1ks/rwarden,2217,cryptography,cryptography,2021,2021,low
584142,dos-uid-derive,https://github.com/rconan/dos-actors/uid-derive,33020,science,"science,simulation",2024,2024,high
273966,gluesql_sled_storage,https://github.com/gluesql/gluesql,61980,uncategorized,,2025,2025,high
818896,random-unicode-emoji,https://github.com/NicPWNs/random-unicode-emoji-rs,4742,encoding,"encoding,games,gui,text-processing,web-programming",2025,2025,low
1355426,idalib-sys,https://github.com/binarly-io/idalib,12659,security,security,2025,2025,mid
1011067,FetchDemo,https://github.com/AnttiRae/RustScreenFetchThingy,1645,command-line-utilities,command-line-utilities,2023,2023,low
825769,keshvar,https://github.com/pouriya/keshvar,28532,finance,"finance,internationalization,localization,science::geo",2024,2024,high
915805,navigator-rs,https://github.com/bluerobotics/navigator-rs,16465,embedded,"embedded,hardware-support,science::robotics",2025,2025,mid
1618965,rustc-literal-escaper,https://github.com/rust-lang/literal-escaper,5419045,uncategorized,,2025,2025,high
626992,fetchy,https://github.com/ardaku/fetchy,5178,asynchronous,"asynchronous,hardware-support,os,wasm,web-programming::http-client",2023,2023,mid
1487325,jwt_modes,https://github.com/MohammadSu1/Authentication_app,1977,cryptography,"cryptography,development-tools::cargo-plugins",2025,2025,low
1236556,vexide-startup,https://github.com/vexide/vexide,20655,no-std,"no-std,science::robotics",2025,2025,mid
126024,i2cbus-api,https://github.com/packom/i2cbus-api,15640,api-bindings,"api-bindings,embedded,hardware-support,network-programming,web-programming",2020,2020,mid
554850,nu-glob,https://github.com/nushell/nushell/tree/main/crates/nu-glob,577554,filesystem,filesystem,2025,2025,high
536151,bevy_system_graph,https://github.com/HouraiTeahouse/bevy_system_graph,9268,uncategorized,,2022,2022,mid
1287444,lindera-assets,https://github.com/lindera-morphology/lindera,97868,text-processing,text-processing,2025,2025,high
97214,sodium-rust,https://github.com/SodiumFRP/sodium-rust,13340,uncategorized,,2022,2022,mid
1273426,interva,https://github.com/misaka10987/interva,4674,uncategorized,,2024,2024,low
611843,shogi_official_kifu,https://github.com/rust-shogi-crates/shogi_official_kifu/tree/main/shogi_official_kifu,8428,game-development,"game-development,game-engines,games,no-std",2023,2023,mid
1468204,postgres_secrets,https://github.com/MaxBondABE/postgres_secrets,39426,database,database,2024,2024,high
1799574,x86_vlapic,https://github.com/arceos-hypervisor/x86_vlapic,2265,virtualization,virtualization,2025,2025,low
372380,ctv_emulators,https://github.com/sapio-lang/sapio,4847,uncategorized,,2024,2024,low
892577,atspi-common,https://github.com/odilia-app/atspi,3858160,accessibility,"accessibility,api-bindings",2025,2025,high
149166,spawn-editor,https://github.com/fogti/spawn-editor-rs,8486,uncategorized,,2024,2024,mid
1096051,haltia,https://github.com/HaltiaAI/haltia.rs,2363,api-bindings,"api-bindings,text-processing",2024,2024,low
942117,unocss-classes-macros,https://github.com/brofrain/unocss-classes-rs,7701,uncategorized,,2023,2023,mid
543453,pi_slotmap,https://github.com/GaiaWorld/pi_slotmap.git,34983,caching,"caching,data-structures,memory-management",2025,2025,high
1484167,http-mini,https://github.com/NicolaeIotu/http-mini,2446,web-programming,web-programming::http-server,2024,2024,low
1126391,orion_lib,https://github.com/Solarcode-org/orion-lib,13667,compilers,compilers,2024,2024,mid
1517150,plugrs-host,https://github.com/Lydanne/plugrs,2365,api-bindings,"api-bindings,development-tools",2025,2025,low
443858,ethers-structopt,https://github.com/gakonst/ethers-structopt,1731,uncategorized,,2021,2021,low
866275,async-mailer,https://github.com/LeoniePhiline/async-mailer,23159,email,email,2024,2024,mid
1663341,swon-value,https://github.com/Hihaheho/swon,575,uncategorized,,2025,2025,low
406266,q_compress,https://github.com/mwlon/pcodec,65098,compression,"compression,encoding",2023,2023,high
1386639,sui-crypto,https://github.com/mystenlabs/sui-rust-sdk/,16838,uncategorized,,2025,2025,mid
685747,diatomic-waker,https://github.com/asynchronics/diatomic-waker,3778595,asynchronous,"asynchronous,concurrency",2024,2024,high
1529693,mcp-commune,https://github.com/jgmartin/commune,8600,uncategorized,,2025,2025,mid
586088,notemd,https://github.com/schmidma/NoteMD,2724,uncategorized,,2022,2022,low
326204,cw-controllers,https://github.com/CosmWasm/cw-minus,748625,uncategorized,,2025,2025,high
541356,pi_slot_deque,https://github.com/GaiaWorld/pi_slot_deque.git,26112,uncategorized,,2025,2025,high
1822117,sentinel-sdk,https://github.com/swayam8624/Sentinel,345,api-bindings,"api-bindings,security",2025,2025,low
1552040,gen3_rpc,https://github.com/MazinLab/gen3_rpc,782,uncategorized,,2025,2025,low
1281213,kimage,https://github.com/seal/kimage,4373,uncategorized,,2024,2024,low
568441,emmet,https://github.com/bbb651/emmet,1665,parsing,"parsing,text-editors",2022,2022,low
1488906,africa,https://github.com/klebs6/klebs-general,4596,internationalization,internationalization,2025,2025,low
348176,dobby,https://github.com/dobby-dev/dobby,8182,command-line-utilities,"command-line-utilities,development-tools",2022,2022,mid
1302780,micropb-gen,https://github.com/YuhanLiin/micropb,74222,embedded,"embedded,encoding,no-std::no-alloc",2025,2025,high
201325,sysinputs,https://github.com/brecert/native-system-input-events,2729,uncategorized,,2020,2020,low
1213858,ebpf-histogram-ebpf,https://github.com/geobeau/ebpf-histogram,1485,uncategorized,,2024,2024,low
1074037,qemu-plugin-sys,https://github.com/novafacing/qemu-rs,10650,virtualization,virtualization,2025,2025,mid
1103783,satex-serve,https://github.com/w-sodalite/satex.git,7476,uncategorized,,2024,2024,mid
480155,rabuf,https://github.com/aki-akaguma/rabuf,30430,data-structures,"data-structures,memory-management",2025,2025,high
1098847,huawei-cloud-api-definitions-TICS,https://github.com/mingyang91/huawei-cloud-api-definitions,40975,uncategorized,,2024,2024,high
2365,aho-corasick,https://github.com/BurntSushi/aho-corasick,570505959,text-processing,text-processing,2025,2025,high
708018,mcan-core,https://github.com/GrepitAB/mcan,37214,embedded,"embedded,hardware-support,no-std",2022,2022,high
1810563,ade-traits,https://github.com/riccardoscalco/ade,569,uncategorized,,2025,2025,low
476042,mailboxvalidator,https://github.com/MailboxValidator/mailboxvalidator-rust/,4381,accessibility,"accessibility,email",2024,2024,low
636163,hot-lib-reloader,https://github.com/rksm/hot-lib-reloader-rs,43396,development-tools,development-tools,2025,2025,high
1567361,bufferino,https://github.com/verdiwm/bufferino,785,uncategorized,,2025,2025,low
1303013,archbelt,https://github.com/archean-cookbook/archbelt,3679,uncategorized,,2024,2024,low
77686,amethyst_locale,https://github.com/amethyst/amethyst,329085,localization,localization,2020,2020,high
783546,s2protocol,https://github.com/sebosp/s2protocol-rs,33417,games,"games,parsing",2025,2025,high
885156,sparse_vec,https://github.com/Atilogit/sparse_vec,1482,uncategorized,,2023,2023,low
113232,aspect-weave,https://github.com/magnet/aspect-rs,3277057,algorithms,"algorithms,config,data-structures,rust-patterns",2020,2020,high
1389940,pert,https://github.com/asteriogonzalez/pert,2011,uncategorized,,2024,2024,low
640101,macro_files,https://github.com/MathieuTricoire/macro_files,4233,filesystem,filesystem,2022,2022,low
1319068,tensor-vipers,https://github.com/saber-hq/vipers,5094,uncategorized,,2024,2024,mid
361907,snarkos-metrics,https://github.com/AleoHQ/snarkOS,29544,cryptography,cryptography,2022,2022,high
345782,css-minify,https://github.com/Mnwa/css-minify,188610,parser-implementations,"parser-implementations,parsing",2024,2024,high
1681734,spacelane,https://github.com/babilonczyk/spacelane,560,aerospace,"aerospace,embedded,no-std",2025,2025,low
387552,qttypes,https://github.com/woboq/qmetaobject-rs,880298,api-bindings,api-bindings,2024,2024,high
794166,bly-ac,https://github.com/Lattexshz/Bly,2756,uncategorized,,2023,2023,low
917313,fs_metadata,https://github.com/andrewgremlich/media_organizer,9470,uncategorized,,2025,2025,mid
608923,tui-textarea,https://github.com/rhysd/tui-textarea,782500,text-editors,"text-editors,text-processing",2024,2024,high
1438362,wrpc-wasi-keyvalue-mem,https://github.com/bytecodealliance/wrpc,1011,wasm,wasm,2024,2024,low
570712,planif,https://github.com/mattrobineau/planif,24295,os,os::windows-apis,2023,2023,mid
302663,reqwest-vcapra1-add-cookies,https://github.com/vcapra1/reqwest,7955,wasm,"wasm,web-programming::http-client",2020,2020,mid
860149,mcvm,https://github.com/CarbonSmasher/mcvm,40728,games,games,2025,2025,high
990101,novax-token,https://github.com/gfusee/novax,59663,uncategorized,,2025,2025,high
1675126,tract-gpu,https://github.com/snipsco/tract,2548,science,science,2025,2025,low
1852026,vesc,https://github.com/ikalnytskyi/vesc-rs,600,automotive,"automotive,embedded,no-std,no-std::no-alloc,parser-implementations",2025,2025,low
639610,partiql-conformance-tests,https://github.com/partiql/partiql-lang-rust,18650,compilers,"compilers,database,parser-implementations",2025,2025,mid
1356366,hamlib-client,https://github.com/sardylan/rust-hamlib-client.git,1349,uncategorized,,2024,2024,low
455817,matching-network-rs,https://github.com/urbanij/matching-network-rs,1648,uncategorized,,2021,2021,low
54491,ina219,https://github.com/scttnlsn/ina219,38155,uncategorized,,2024,2024,high
750324,tackler-core,https://github.com/tackler-ng/tackler,9903,finance,"finance,parser-implementations",2025,2025,mid
675296,more-di,https://github.com/commonsensesoftware/more-rs-di,18694,uncategorized,,2023,2023,mid
1577304,kwd,https://github.com/spi-ca/kwd,782,uncategorized,,2025,2025,low
1303143,human-number,https://github.com/jdrouet/pretty-number,12739,value-formatting,value-formatting,2024,2024,mid
1662028,rusimg,https://github.com/yotiosoft/rusimg,1613,multimedia,multimedia::images,2025,2025,low
306134,is_not,https://github.com/tylerhawkes/is_not,63855,config,"config,no-std,rust-patterns",2020,2020,high
1217325,get-hash,https://github.com/vybgss/get-hash,6990,command-line-utilities,"command-line-utilities,cryptography,mathematics",2024,2024,mid
1804095,galaxy_save_data,https://github.com/ThatNintendoNerd/galaxy_save_data,383,uncategorized,,2025,2025,low
933430,sea-orm-newtype,https://github.com/deepgreenAN/sea-orm-newtype,2459,database,database,2023,2023,low
880987,solders-transaction-status-enums,https://github.com/kevinheavey/solders,6835,uncategorized,,2024,2024,mid
417654,mysqlbinlog-network,https://github.com/jiuker/mysqlbinlog_network,11289,database,database,2021,2021,mid
1279330,solana-sanitize,https://github.com/anza-xyz/solana-sdk,3057200,uncategorized,,2025,2025,high
1011443,hashing-reader,https://github.com/cisco-open/hashing-reader-rs,3545,uncategorized,,2023,2023,low
1557073,rustyray-sys,https://github.com/wizzymore/rustyray,9123,uncategorized,,2025,2025,mid
1557632,google-cloud-tasks-v2,https://github.com/googleapis/google-cloud-rust/tree/main,8148,network-programming,network-programming,2025,2025,mid
1005239,machine-check-common,https://github.com/onderjan/machine-check,20644,uncategorized,,2025,2025,mid
1655238,grid-arcium-fork,https://github.com/arcium-hq/grid/tree/row-and-column-getter,1942,data-structures,"data-structures,science",2025,2025,low
966955,kanha,https://github.com/pwnwriter/kanha,4051,accessibility,"accessibility,web-programming",2023,2023,low
798066,rsincrond,https://github.com/mfwre/rsincron,1155,uncategorized,,2023,2023,low
1620238,moldau,https://github.com/ryanccn/moldau.git,3026,uncategorized,,2025,2025,low
1730549,zod-rs-util,https://github.com/maulanasdqn/zod-rs,1289,data-structures,"data-structures,parser-implementations",2025,2025,low
607811,ornithology-cli,https://github.com/jonhoo/ornithology,2741,command-line-utilities,command-line-utilities,2022,2022,low
1310917,unco_derives,https://github.com/theta-vn/unco,2376,uncategorized,,2024,2024,low
1565815,rust-matrix,https://github.com/mpj-chandler/rust-matrix,789,mathematics,mathematics,2025,2025,low
646507,quantizr,https://github.com/DarthSim/quantizr,5021,uncategorized,,2025,2025,low
171267,thiserror,https://github.com/dtolnay/thiserror,622370133,no-std,"no-std,rust-patterns",2025,2025,high
1902488,unitx-api,https://github.com/mrteesoft/unitx,118,science,"science,web-programming::http-server",2025,2025,low
526577,timediff,https://github.com/lryong/timediff,16033,date-and-time,date-and-time,2022,2022,mid
1789343,maytrix-value,https://github.com/iSynaptic/maytrix-libs,390,uncategorized,,2025,2025,low
1157481,psp34-full,https://github.com/Cardinal-Cryptography/PSP34,1584,cryptography,"cryptography::cryptocurrencies,wasm",2024,2024,low
1121974,graphile_worker_crontab_runner,https://github.com/leo91000/graphile_worker/crates/crontab_runner,13530,uncategorized,,2025,2025,mid
782920,pawprint,https://github.com/picoHz/pawprint,3768,cryptography,"cryptography,network-programming",2023,2023,low
1382450,bare_err_tree_proc,https://github.com/Bennett-Petzold/bare_err_tree,11412,development-tools,"development-tools::debugging,no-std::no-alloc,rust-patterns",2025,2025,mid
1011894,unicode-display-width,https://github.com/jameslanska/unicode-display-width/,42576,text-editors,"text-editors,text-processing",2023,2023,high
669024,bl702-hal,https://github.com/9names/bl702-hal,4247,embedded,"embedded,hardware-support,no-std",2022,2022,low
1789485,openai-sdk-rs,https://github.com/neeboo/openai-sdk-rs,815,api-bindings,"api-bindings,asynchronous,web-programming",2025,2025,low
1640792,color-rs2,https://github.com/jqnatividad/color-rs2,6056,uncategorized,,2025,2025,mid
618739,netavark,https://github.com/containers/netavark,37996,virtualization,virtualization,2025,2025,high
486433,swift-bridge-build,https://github.com/chinedufn/swift-bridge,1346986,uncategorized,,2024,2024,high
1384506,fly-sdk,https://github.com/alexlatif/fly-rs,4086,virtualization,"virtualization,web-programming",2024,2024,low
51196,hls_m3u8,https://github.com/sile/hls_m3u8,97200,parser-implementations,parser-implementations,2025,2025,high
1792312,clickhouse-datafusion,https://github.com/georgeleepatterson/clickhouse-datafusion,1492,database,database,2025,2025,low
547811,stamp-suite,https://github.com/asmie/stamp-suite,2823,command-line-utilities,"command-line-utilities,development-tools,network-programming",2022,2022,low
283464,memflow-derive,https://github.com/memflow/memflow,50639,memory-management,"memory-management,os",2025,2025,high
1215092,fancy-default-derive,https://github.com/Embers-of-the-Fire/better-default-rs.git,2019,no-std,"no-std,rust-patterns",2024,2024,low
243732,fimapi,https://github.com/nes77/fimapi,2990,uncategorized,,2020,2020,low
1081952,goxoy-p2p,https://github.com/Goxoy/goxoy-p2p/,1452,uncategorized,,2023,2023,low
354403,mime2ext,https://github.com/blyxxyz/mime2ext,408838,filesystem,"filesystem,web-programming",2025,2025,high
220834,fltk-derive,https://github.com/fltk-rs/fltk-rs,370572,uncategorized,,2021,2021,high
1280952,levenshtein_lite,https://github.com/danmunson/levenshtein_lite,2572,text-processing,text-processing,2024,2024,low
8438,serde_ignored,https://github.com/dtolnay/serde-ignored,25649378,encoding,"encoding,no-std",2025,2025,high
1702708,stacksafe,https://github.com/fast/stacksafe,61848,memory-management,"memory-management,rust-patterns",2025,2025,high
1781355,usb-if,https://github.com/drivercraft/CrabUSB,3307,uncategorized,,2025,2025,low
721713,anchor-merkle-tree,https://github.com/anoushk1234/anchor-merkle-tree,3015,uncategorized,,2022,2022,low
66693,lxc,https://github.com/sanpii/lxc-rs.git,18469,api-bindings,api-bindings,2024,2024,mid
996480,aeronet,https://github.com/aecsocket/aeronet,25434,game-development,"game-development,network-programming",2025,2025,high
1136491,pacwrap-core,https://github.com/pacwrap/pacwrap,13666,caching,"caching,command-line-utilities,concurrency,filesystem,virtualization",2024,2024,mid
1265320,bevy_plane_cut,https://github.com/shanecelis/bevy_plane_cut,2635,game-engines,game-engines,2024,2024,low
1187807,sortlock,https://github.com/WhyAreAllTheseTaken/sortlock,3554,concurrency,concurrency,2024,2024,low
432632,smol-graph,https://github.com/Hoidigan/smol-graph,6413,uncategorized,,2021,2021,mid
973585,telo-lang,https://github.com/sleepstone/rainforest/tree/main/telo,2294,uncategorized,,2023,2023,low
1396462,rbac-macro,https://github.com/funcpp/rbac-rs,1073,uncategorized,,2024,2024,low
6782,tile_net,https://github.com/kstrafe/TileNet,27739,uncategorized,,2023,2023,high
392192,awl,https://github.com/rust-windowing/winit,1933,gui,gui,2021,2021,low
1559740,iocore-test,https://github.com/gabrielfalcao/iocore,7371,filesystem,filesystem,2025,2025,mid
1105757,homestar-wasm,https://github.com/ipvm-wg/homestar/tree/main/homestar-wasm,6382,development-tools,"development-tools,wasm,web-programming",2024,2024,mid
976821,fastembed,https://github.com/Anush008/fastembed-rs,215860,uncategorized,,2025,2025,high
1500402,rtwlib,https://github.com/jamdotjar/rtwlib,5184,rendering,rendering,2025,2025,mid
1482066,mmap-vecdeque,https://github.com/aaiyer/mmap-vecdeque,2426,uncategorized,,2024,2024,low
1398361,easy_config_derive,https://github.com/Syst3mz/easy_config,8807,config,config,2025,2025,mid
1623319,superenvy,https://github.com/eatenpancreas/superenvy,1184,uncategorized,,2025,2025,low
1375734,rust_multistackvm,https://github.com/vulogov/rust_multistackvm,31708,emulators,emulators,2025,2025,high
719933,polkadot-node-core-chain-selection,https://github.com/paritytech/polkadot-sdk.git,130213,uncategorized,,2025,2025,high
1639711,temperature_converter,https://github.com/amarcelo/temperature_converter,1752,uncategorized,,2025,2025,low
189636,cargo-emit,https://github.com/nvzqz/cargo-emit,1844492,development-tools,"development-tools::build-utils,no-std,rust-patterns",2021,2021,high
213586,vega_lite_4,https://github.com/procyon-rs/vega_lite_4.rs,27309,visualization,visualization,2025,2025,high
1476979,solana-hard-forks,https://github.com/anza-xyz/solana-sdk,1415875,uncategorized,,2025,2025,high
791373,waffles-solana-storage-proto,https://github.com/waffles-labs/solana,14255,uncategorized,,2023,2023,mid
1464048,rusty_scrfd,https://github.com/prabhat0206/scrfd,3476,computer-vision,"computer-vision,multimedia::images,science",2025,2025,low
64621,may_waiter,https://github.com/Xudong-Huang/may_waiter.git,23182,concurrency,concurrency,2025,2025,mid
464703,rust_icu_uchar,https://github.com/google/rust_icu,16647,uncategorized,,2025,2025,mid
1436090,pacmap,https://github.com/beamform/pacmap-rs,7411,algorithms,"algorithms,mathematics,science",2024,2024,mid
257880,rxprog,https://github.com/the6p4c/rxprog.git,4102,command-line-utilities,command-line-utilities,2020,2020,low
455664,areaportal2d,https://github.com/nyeogmi/areaportal2d,3227,uncategorized,,2021,2021,low
1449830,easy-install,https://github.com/easy-install/easy-install,9519,uncategorized,,2025,2025,mid
757257,multiversx-wegld-swap-sc,https://github.com/multiversx/mx-sdk-rs,81928,cryptography,"cryptography::cryptocurrencies,no-std,wasm",2025,2025,high
1890537,errorstash,https://github.com/StupendousYappi/errorstash,704,rust-patterns,rust-patterns,2025,2025,low
1585101,local-fmt-macros-internal,https://github.com/moriyoshi-kasuga/local-fmt,2142,localization,localization,2025,2025,low
784142,spare_buffer,https://github.com/dEajL3kA/spare_buffer,3660,uncategorized,,2023,2023,low
1690069,nseqe,https://github.com/tylp/nseqe,533,uncategorized,,2025,2025,low
255760,p0w,https://github.com/r3v2d0g/p0w.git,5954,uncategorized,,2020,2020,mid
188142,rumq-client,https://github.com/tekjar/rumq,19634,uncategorized,,2020,2020,mid
1154278,ouch_bindings_python,https://github.com/softstream-link/ouch,1565,uncategorized,,2024,2024,low
8392,skimmer,https://github.com/dnsl48/skimmer.git,8899,parsing,parsing,2022,2022,mid
1061407,aviation_calc_util,https://github.com/997R8V10/aviation-calc-util,36669,aerospace,"aerospace::simulation,mathematics,science::geo",2024,2024,high
781995,firebase-auth-sdk,https://github.com/federicofusco/firebase-auth-sdk,3937,authentication,authentication,2023,2023,low
852,conrod,https://github.com/pistondevelopers/conrod.git,520683,gui,gui,2020,2020,high
1447358,config_file_types,https://github.com/ascpkg/asc/tree/main/config_file_types,9210,config,"config,encoding",2025,2025,mid
518343,rust_arango,https://github.com/ForetagInc/rust-arango,3426,uncategorized,,2022,2022,low
625843,highlight_error,https://github.com/VictorTaelin/rust_highlight_error,41741,uncategorized,,2022,2022,high
923503,open-coroutine-hooks,https://github.com/acl-dev/open-coroutine/tree/dev/open-coroutine-hooks,2781,asynchronous,"asynchronous,concurrency,os",2024,2024,low
3521,vpncloud,https://github.com/dswd/vpncloud,79885,uncategorized,,2021,2021,high
321946,cap-fs-ext,https://github.com/bytecodealliance/cap-std,6158190,filesystem,filesystem,2025,2025,high
787443,gix-chunk,https://github.com/GitoxideLabs/gitoxide,18296874,uncategorized,,2025,2025,high
1171152,bevy_trenchbroom,https://github.com/Noxmore/bevy_trenchbroom,25772,game-development,game-development,2025,2025,high
706432,qemu-x86_64,https://github.com/novafacing/qemu-rs.git,2770,emulators,emulators,2022,2022,low
1331896,googleapis-tonic-google-apps-alertcenter-v1beta1,https://github.com/bouzuya/googleapis-tonic,16400,uncategorized,,2025,2025,mid
327686,usb-ids,https://github.com/woodruffw/usb-ids.rs,96060,hardware-support,hardware-support,2025,2025,high
171141,async-oauth2,https://github.com/udoprog/async-oauth2,54356,authentication,"authentication,web-programming",2025,2025,high
796564,rust_hdl_lib_widgets,https://github.com/samitbasu/rust-hdl,3189,uncategorized,,2023,2023,low
221566,side-futures,https://github.com/nazar-pc/side-futures,10463,uncategorized,,2021,2021,mid
470283,bitwrap_extra,https://github.com/mengyou658/bitwrap,6791,data-structures,"data-structures,embedded,no-std",2022,2022,mid
1796100,arraypp,https://github.com/Joker2770/arraypp,1357,uncategorized,,2025,2025,low
1002136,logix-vfs,https://github.com/logix-tool/logix-vfs,17303,filesystem,filesystem,2024,2024,mid
559581,instant-glicko-2,https://github.com/gpluscb/instant-glicko-2,3353,game-development,"game-development,mathematics",2023,2023,low
619648,krunvm,https://github.com/containers/krunvm,1629,uncategorized,,2022,2022,low
1349053,pallet-revive-fixtures,https://github.com/paritytech/polkadot-sdk.git,513177,uncategorized,,2025,2025,high
801658,macro_magic,https://github.com/sam0x17/macro_magic,6768774,development-tools,"development-tools,development-tools::procedural-macro-helpers,rust-patterns",2025,2025,high
520939,azure_svc_timeseriesinsights,https://github.com/azure/azure-sdk-for-rust,25872,uncategorized,,2024,2024,high
665,slack-hook,https://github.com/frostly/rust-slack,293701,api-bindings,"api-bindings,web-programming",2025,2025,high
1193043,femtopb-build,https://github.com/dflemstr/femtopb,42203,embedded,"embedded,encoding,no-std,no-std::no-alloc",2025,2025,high
272620,coder,https://github.com/coadler/coder.rs,21171,uncategorized,,2020,2020,mid
1817283,time-now,https://github.com/rafialhamd/time-now,1030,date-and-time,date-and-time,2025,2025,low
1658739,sky_renderer,https://github.com/algonents/sky-renderer,5436,graphics,"graphics,rendering::graphics-api",2025,2025,mid
856141,cooklang-to-cooklang,https://github.com/Zheoni/cooklang-chef,37767,value-formatting,value-formatting,2025,2025,high
758499,steganographyrs,https://github.com/MrDesjardins/steganographyrs,2753,uncategorized,,2023,2023,low
1817888,poolshark_derive,https://github.com/estokes/poolshark,1475,caching,"caching,memory-management",2025,2025,low
965477,naming-conventions,https://github.com/vhidvz/naming-conventions.git,2783,text-editors,"text-editors,text-processing",2023,2023,low
418612,swc-dev,https://github.com/swc-project/swc.git,1666,uncategorized,,2021,2021,low
713579,wild-doc-server,https://github.com/OdenShirataki/wild-doc,119230,database-implementations,"database-implementations,network-programming,template-engine",2024,2024,high
166357,mini-v8,https://github.com/SkylerLipthay/mini-v8,15752,uncategorized,,2023,2023,mid
279921,albhed,https://github.com/fosskers/albhed,2156,localization,localization,2020,2020,low
403249,new_string_template,https://github.com/hasezoey/new_string_template,850342,template-engine,"template-engine,text-processing",2024,2024,high
1899994,pmv_encryption_rs,https://github.com/AgustinSRG/pmv-encryption-rs,323,uncategorized,,2025,2025,low
852625,brainfuck_interpreter,https://github.com/BryantTseng/brainfuck_interpreter,2769,uncategorized,,2023,2023,low
1191742,protect-endpoints-core,https://github.com/DDtKey/protect-endpoints,7461,authentication,authentication,2025,2025,mid
1010478,testrepo,https://github.com/luketestorg/testrepo,1496,uncategorized,,2023,2023,low
1259001,fni,https://github.com/fusiron/fni.git,1535,uncategorized,,2024,2024,low
195145,rustfmt_emitter,https://github.com/rust-lang/rustfmt,1833,uncategorized,,2020,2020,low
358267,tc-error,https://github.com/haydnv/tinychain.git,29029,rust-patterns,rust-patterns,2024,2024,high
430361,ceres-browser,https://github.com/patractlabs/ceres,1737,uncategorized,,2021,2021,low
386522,islam,https://github.com/azzamsa/islam,19994,date-and-time,"date-and-time,science",2025,2025,mid
880989,zkllvm-rslang-types-pre,https://github.com/NilFoundation/zkllvm-rslang-types,2347,uncategorized,,2023,2023,low
111423,piet-direct2d,https://github.com/linebender/piet,350675,rendering,rendering::graphics-api,2025,2025,high
1738927,proton-sdk-rs,https://github.com/4tkbytes/proton-sdk-rs,460,uncategorized,,2025,2025,low
94351,proc-mounts,https://github.com/pop-os/proc-mounts,1156088,os,os::unix-apis,2022,2022,high
1263624,falkordb,https://github.com/FalkorDB/falkordb-rs,13226,database,database,2025,2025,mid
569430,waifu,https://github.com/GalAster/nqueens-rs,1654,uncategorized,,2022,2022,low
1044971,tari_bor,https://github.com/tari-project/tari-ootle,6146,uncategorized,,2025,2025,mid
1805071,rsomeip-proto,https://github.com/brunoldsilva/rsomeip,399,automotive,"automotive,network-programming",2025,2025,low
817628,gauges,https://github.com/alepez/gauges,3866,visualization,visualization,2023,2023,low
545089,bevy_match3,https://github.com/Sheepyhead/bevy_match3,9498,games,games,2024,2024,mid
203925,rsmq_async,https://github.com/Couragium/rsmq-async-rs,705603,uncategorized,,2025,2025,high
426101,projx,https://github.com/twe4ked/projx,1696,uncategorized,,2021,2021,low
1308993,mavlink-core,https://github.com/mavlink/rust-mavlink,46436,aerospace,"aerospace,aerospace::protocols,embedded,parsing",2025,2025,high
1735978,swamp-runtime,https://github.com/swamp/swamp,10560,uncategorized,,2025,2025,mid
374482,shiratsu-naming,https://github.com/SnowflakePowered/shiratsu/tree/master/shiratsu-naming,12492,emulators,"emulators,games,parser-implementations,parsing,text-processing",2022,2022,mid
1649240,tree-sitter-avenger,https://github.com/avenger-vis/tree-sitter-avenger,627,parser-implementations,"parser-implementations,parsing,text-editors",2025,2025,low
459782,rustdx-cmd,https://github.com/zjp-CN/rustdx,10550,uncategorized,,2024,2024,mid
685197,de_controller,https://github.com/DigitalExtinction/Game,1615,games,games,2022,2022,low
148580,oxygengine-network-backend-native,https://github.com/PsichiX/oxygengine,85640,uncategorized,,2023,2023,high
786298,oters,https://github.com/PLanza/oters,11406,compilers,"compilers,gui",2023,2023,mid
1363642,gltf-viewer-lib,https://github.com/bwasty/gltf-viewer,4116,rendering,rendering,2024,2024,low
1150543,cw-dex-osmosis,https://github.com/apollodao/cw-dex,6739,uncategorized,,2024,2024,mid
483131,libpermute,https://github.com/DaGenix/libpermute,3088,algorithms,algorithms,2021,2021,low
1848859,rakhas_logger,https://github.com/Undeadguy0/rakhas_logger,291,asynchronous,"asynchronous,development-tools",2025,2025,low
1539392,human-format-next,https://github.com/hanyu-dev/human-format,3866,value-formatting,value-formatting,2025,2025,low
1708598,axor,https://github.com/kinai-io/axor,1361,development-tools,"development-tools::build-utils,web-programming",2025,2025,low
1018763,nanocl_error,https://github.com/next-hat/nanocl,9157,uncategorized,,2025,2025,mid
307626,async-metronome-attributes,https://github.com/suprematic/async-metronome-attributes,4336,asynchronous,"asynchronous,concurrency,development-tools,development-tools::testing",2020,2020,low
1244898,detrim,https://github.com/x52dev/serde-utils,142920,encoding,"encoding,no-std",2025,2025,high
533232,shortuuid,https://github.com/lryong/shortuuid,1679,data-structures,"data-structures,no-std,parser-implementations,wasm",2022,2022,low
364734,trackball,https://github.com/qu1x/trackball,32653,graphics,"graphics,no-std",2025,2025,high
1252380,sands,https://github.com/overvenus/sand,1378,uncategorized,,2024,2024,low
59247,fenwick,https://github.com/summivox/fenwick.rs,56272,algorithms,"algorithms,data-structures,no-std,science",2022,2022,high
393676,randomx-bindings,https://github.com/mcfranko/randomx-bindings,6396,uncategorized,,2021,2021,mid
371597,randcli,https://github.com/cympfh/randcli,9176,command-line-utilities,command-line-utilities,2021,2021,mid
944125,hash4lf,https://github.com/hiql/hash4lf,1169,algorithms,"algorithms,encoding,filesystem",2023,2023,low
3096,io-surface,https://github.com/servo/core-foundation-rs,493502,uncategorized,,2025,2025,high
890514,ghtool,https://github.com/raine/ghtool,28833,uncategorized,,2024,2024,high
440844,sqrid,https://github.com/lpenz/sqrid,38590,data-structures,data-structures,2025,2025,high
2934,crossbeam,https://github.com/crossbeam-rs/crossbeam,71467288,concurrency,"concurrency,data-structures,memory-management,no-std",2024,2024,high
502697,zhconv,https://github.com/Gowee/zhconv-rs,31841,localization,"localization,text-processing,value-formatting,wasm",2025,2025,high
1818970,thresher,https://github.com/cetra3/thresher,354,memory-management,memory-management,2025,2025,low
618753,aardvark-dns,https://github.com/containers/aardvark-dns,33119,virtualization,virtualization,2025,2025,high
1314746,buffdb,https://github.com/buffdb/buffdb,7098,database-implementations,"database-implementations,embedded",2025,2025,mid
1456255,vhost-device-input,https://github.com/rust-vmm/vhost-device,958,virtualization,virtualization,2024,2024,low
1412116,aranya-buggy,https://github.com/aranya-project/aranya-core,6685,uncategorized,,2024,2024,mid
34743,lexer,https://github.com/aicacia/rs-lexer.git,33598,parsing,"parsing,text-processing",2021,2021,high
1488838,asia,https://github.com/klebs6/klebs-general,5189,internationalization,internationalization,2025,2025,mid
577369,sadness-generator,https://github.com/EmbarkStudios/crash-handling,462637,simulation,simulation,2024,2024,high
768639,lepton_jpeg,https://github.com/microsoft/lepton_jpeg_rust,9702,multimedia,"multimedia::encoding,multimedia::images",2025,2025,mid
1503,imagequant,https://github.com/ImageOptim/libimagequant,767279,multimedia,multimedia::images,2025,2025,high
280163,assert-lux,https://github.com/rivy/rs.assert-lux,1881,os,os,2020,2020,low
1040135,rydis,https://github.com/roeeshoshani/rydis,7400,embedded,"embedded,encoding,no-std,parsing",2023,2023,mid
496054,jsonrpc_v2_awc,https://github.com/BitFields/jsonrpc_v2_awc,1641,uncategorized,,2021,2021,low
74613,enquote,https://github.com/reujab/enquote,3279583,parser-implementations,"parser-implementations,parsing,value-formatting",2021,2021,high
264313,sgp4,https://github.com/neuromorphicsystems/sgp4/,106803,aerospace,"aerospace,algorithms,no-std,parser-implementations,science",2025,2025,high
1414141,bytesbox,https://github.com/nutsloop/bytesbox,3783,data-structures,"data-structures,memory-management,no-std",2024,2024,low
1736420,ic-cycles-ledger-client,https://github.com/dfinity/papi,935,uncategorized,,2025,2025,low
1317525,rand_num_consensus,https://github.com/devnetsec/rand_num_consensus,1229,network-programming,network-programming,2024,2024,low
166362,ksp-commnet-calculator-core,https://github.com/IgaguriMK/ksp-commnet-calculator-core,6681,simulation,simulation,2020,2020,mid
858200,logged_tcp_proxy,https://github.com/qwerty541/logged-tcp-proxy,4009,command-line-utilities,"command-line-utilities,development-tools::debugging,network-programming",2023,2023,low
547860,easy_proc,https://github.com/Buzzec/easy_proc,17547,uncategorized,,2025,2025,mid
1650702,rbytes_consulta_cep,https://github.com/rodrigodelphino/RBytesConsultaCEP,703,development-tools,"development-tools,localization,network-programming",2025,2025,low
1106574,strawberryvm,https://github.com/BenMcAvoy/StrawberryVM,1524,emulators,"emulators,game-engines",2024,2024,low
900126,docdoc,https://github.com/hdoordt/docdoc,4008,command-line-utilities,"command-line-utilities,template-engine",2023,2023,low
916953,android-wakelock,https://github.com/sagebind/android-wakelock,3223,api-bindings,api-bindings,2023,2023,low
795369,constructor-lite,https://github.com/d-k-bo/constructor-lite,4064,rust-patterns,rust-patterns,2024,2024,low
703933,qemu,https://github.com/novafacing/qemu-rs,41772,virtualization,virtualization,2023,2023,high
695284,open-fastrlp-derive,https://github.com/gakonst/open-fastrlp,5783305,uncategorized,,2022,2022,high
1742283,ultrafast-mcp-macros,https://github.com/techgopal/ultrafast-mcp,456,api-bindings,"api-bindings,asynchronous,network-programming",2025,2025,low
1280149,derive-masked,https://github.com/okcodes/derive-masked,4040,development-tools,"development-tools::procedural-macro-helpers,value-formatting",2024,2024,low
8264,mailchecker,https://github.com/FGRibreau/mailchecker,444307,email,"email,web-programming",2025,2025,high
1097890,vmem,https://github.com/lylythechosenone/vmem,5183,memory-management,"memory-management,no-std,no-std::no-alloc",2024,2024,mid
406938,cglue-gen,https://github.com/h33p/cglue,83080,accessibility,"accessibility,api-bindings,parsing",2025,2025,high
1474813,iced_fontello,https://github.com/hecrj/iced_fontello,7854,gui,gui,2025,2025,mid
1524561,roblox-rs-cli,https://github.com/roblox-rs/bindings,1615,uncategorized,,2025,2025,low
1504371,stof-http,https://github.com/dev-formata-io/stof-http,4683,uncategorized,,2025,2025,low
560458,osmon,https://github.com/osmon-lang/osmon,6071,localization,localization,2023,2023,mid
282469,streamson-futures,https://github.com/shenek/streamson,15825,parsing,parsing,2021,2021,mid
701248,assembly-fdb-core,https://github.com/LUDevNet/Assembly/tree/main/modules/fdb-core,3940,uncategorized,,2022,2022,low
426773,splot,https://github.com/DougLau/splot,5209,science,"science,visualization",2025,2025,mid
539497,serde-nothing,https://github.com/zakarumych/serde-nothing,3082,encoding,"encoding,no-std",2022,2022,low
552937,etree,https://github.com/thuleqaid/rust-etree,10945,uncategorized,,2022,2022,mid
1274339,glushkovizer,https://github.com/Lurgrid/Glushkovizer,1443,uncategorized,,2024,2024,low
1769544,allfeat-midds,https://github.com/Allfeat/allfeat-sdk,3205,uncategorized,,2025,2025,low
782576,rustls-fork-shadow-tls,https://github.com/shadow-tls/rustls,61287,cryptography,"cryptography,network-programming",2023,2023,high
216194,billboard,https://github.com/EverlastingBugstopper/billboard,111718,value-formatting,value-formatting,2022,2022,high
643949,cw-multi-threaded-cache,https://github.com/CosmWasm/cw-tools.git,1274,uncategorized,,2022,2022,low
912754,xfrmnetlink,https://github.com/rust-netlink/xfrmnetlink,2223,uncategorized,,2023,2023,low
488049,laby_macros,https://github.com/chiyadev/laby,10930,uncategorized,,2023,2023,mid
1728969,shadow-terminal,https://github.com/tattoy-org/shadow-terminal,2859,command-line-utilities,"command-line-utilities,development-tools::testing",2025,2025,low
115617,yarte_helpers,https://github.com/botika/yarte,166476,gui,"gui,template-engine,web-programming",2023,2023,high
128245,c2rust-transpile,https://github.com/immunant/c2rust/,29926,command-line-utilities,"command-line-utilities,development-tools,development-tools::ffi",2025,2025,high
1666272,cosmian_kms_base_hsm,https://github.com/Cosmian/kms,5252,security,security,2025,2025,mid
879364,cstr-literal,https://github.com/notpeelz/cstr-literal,8652,development-tools,"development-tools::ffi,no-std",2023,2023,mid
283123,socks5-async,https://github.com/alifarrokh/socks5-async,6870,uncategorized,,2020,2020,mid
669155,near-non-transferrable-token,https://github.com/beepopula/near-non-transferrable-token,5966,wasm,wasm,2022,2022,mid
368999,codepage-strings,https://github.com/BartMassey/codepage-strings,12877,internationalization,"internationalization,text-processing",2022,2022,mid
652675,istio-api-rs,https://github.com/BlankZhu/istio-api-rs,15111,uncategorized,,2025,2025,mid
81144,elements,https://github.com/ElementsProject/rust-elements/,298198,uncategorized,,2025,2025,high
264898,orogene,https://github.com/orogene/orogene,43587,uncategorized,,2023,2023,high
1475900,libsubid-dylib,https://github.com/tomerhanochi/libsubid,1680,uncategorized,,2024,2024,low
474384,starchart,https://github.com/starlite-project/starchart,43329,uncategorized,,2022,2022,high
1611468,swamp-std,https://github.com/swamp/swamp,11417,uncategorized,,2025,2025,mid
1666375,cosmian_kms_client,https://github.com/Cosmian/kms,4980,security,security,2025,2025,low
1511061,id-validator,https://github.com/peng0208/id-validator,5446,uncategorized,,2025,2025,mid
1857109,candles-rs,https://github.com/Flicker-Finance/candles-rs,1178,finance,"finance,mathematics",2025,2025,low
1272898,send_email,https://github.com/harryhanYuhao/rust_send_email,4410,uncategorized,,2024,2024,low
1871457,discord-selfbot,https://github.com/ege0x77czz/rust-discord-selfbot,322,api-bindings,"api-bindings,asynchronous",2025,2025,low
755806,addr-spec,https://github.com/mathematic-inc/addr-spec-rs,43372,email,"email,parsing",2025,2025,high
1625661,hygg-server,https://github.com/kruserr/hygg,1162,command-line-utilities,"command-line-utilities,parser-implementations,text-processing",2025,2025,low
1893429,oak-vhdl,https://github.com/ygg-lang/oaks,174,hardware-support,"hardware-support,parsing",2025,2025,low
1507693,roslibrust_ros1,https://github.com/roslibrust/roslibrust,19917,science,science::robotics,2025,2025,mid
221629,sandy_bay,https://github.com/Amityville-DE/sandy_bay,1652,uncategorized,,2020,2020,low
1044326,accumulators,https://github.com/HerodotusDev/rust-accumulators,32789,cryptography,"cryptography,data-structures,database",2025,2025,high
1179104,ft-sdk,https://github.com/FifthTry/ft-sdk,31319,uncategorized,,2025,2025,high
1762360,craby_cli,https://github.com/leegeunhyeok/craby,2347,uncategorized,,2025,2025,low
275834,dekker,https://github.com/fabianboesiger/dekker/,1714,algorithms,"algorithms,concurrency",2020,2020,low
955490,makewiz,https://github.com/kallazz/MakeWiz,5144,command-line-utilities,"command-line-utilities,development-tools",2023,2023,mid
623487,owlchess,https://github.com/alex65536/owlchess,14154,games,"games,parser-implementations",2025,2025,mid
457802,valued,https://github.com/ergorusty/valued,2766,uncategorized,,2021,2021,low
1491073,rogue_tremolo,https://github.com/RogueOneEcho/tremolo,959,uncategorized,,2024,2024,low
1097753,shellcolor,https://github.com/patbeagan1/Open-Source-Requests,3949,uncategorized,,2024,2024,low
285816,yew-ansi,https://github.com/siku2/yew-ansi,3371,parsing,"parsing,wasm,web-programming",2023,2023,low
1330651,spring-mail,https://github.com/spring-rs/spring-rs,12809,email,email,2025,2025,mid
1614399,redis-asyncx,https://github.com/aden-q/redis-async,705,uncategorized,,2025,2025,low
445915,rust-pinyin,https://github.com/samlink/rust_pinyin,5830,uncategorized,,2023,2023,mid
544246,assoc_static,https://github.com/cehteh/assoc_static.git,11312,uncategorized,,2022,2022,mid
250919,pokebell,https://github.com/yoshd/pokebell,1665,simulation,simulation,2020,2020,low
1306085,jsonmap,https://github.com/wandercn/jsonmap,6979,accessibility,"accessibility,compilers,data-structures,development-tools",2024,2024,mid
765140,terrars-fly-apps-fly,https://github.com/andrewbaxter/terrars-fly-apps-fly,10473,uncategorized,,2023,2023,mid
855094,librunner,https://github.com/geekrunners/librunner,11368,localization,"localization,science,simulation",2024,2024,mid
67470,pkg,https://github.com/Juici/pkg-rs,17050,development-tools,development-tools,2020,2020,mid
556292,wolfengine,https://github.com/WolfEngine/WolfEngine/,3925,game-development,"game-development,game-engines,games,graphics,multimedia",2022,2022,low
1332860,mdbook-mdinclude,https://github.com/shawntabrizi/mdbook-mdinclude,1291,uncategorized,,2024,2024,low
425921,pnets,https://github.com/fomys/pnets,6811,mathematics,"mathematics,science",2021,2021,mid
461019,remotefs,https://github.com/remotefs-rs/remotefs-rs,85385,network-programming,network-programming,2024,2024,high
776303,io_unity,https://github.com/gameltb/io_unity,2758,uncategorized,,2023,2023,low
1302203,zksync_da_dispatcher,https://github.com/matter-labs/zksync-era,7628,cryptography,cryptography,2024,2024,mid
1726194,uni-ocr,https://github.com/mediar-ai/uni-ocr,9665,uncategorized,,2025,2025,mid
603783,bevy_mod_rounded_box,https://github.com/komadori/bevy_mod_rounded_box/,11229,game-engines,"game-engines,rendering",2025,2025,mid
266704,replace,https://github.com/ptechen/replace.git,4263,uncategorized,,2020,2020,low
374532,pliantdb-jobs,https://github.com/khonsulabs/pliantdb,6307,database-implementations,database-implementations,2021,2021,mid
428560,pink-trombone,https://github.com/lostmsu/pink-trombone,4151,multimedia,"multimedia::audio,simulation",2021,2021,low
39736,runes,https://github.com/Determinant/runes,24314,emulators,"emulators,no-std",2021,2021,mid
224270,shufflebuf,https://github.com/tstellanova/shufflebuf-rs,2149,embedded,"embedded,hardware-support,no-std",2020,2020,low
1871566,dwg-cli,https://github.com/editnori/toneguard,539,command-line-utilities,command-line-utilities,2025,2025,low
419156,girt-view,https://github.com/MitMaro/git-interactive-rebase-tool,6801,command-line-interface,"command-line-interface,command-line-utilities,text-editors",2023,2023,mid
1550275,octabot-rust-sdk,https://github.com/OctaHive/octabot-rust-sdk,1566,uncategorized,,2025,2025,low
1522858,http-utils,https://github.com/saulvaldelvira/http-server,5468,uncategorized,,2025,2025,mid
256881,text-loading-animation,https://github.com/phip1611/lib-text-loading-animation-rust,2955,command-line-interface,command-line-interface,2020,2020,low
1774080,spl-associated-token-account-interface,https://github.com/solana-program/associated-token-account,252758,uncategorized,,2025,2025,high
1322094,hardcpy,https://github.com/obvMellow/hardcpy,3398,command-line-utilities,command-line-utilities,2024,2024,low
1244352,sched-callback,https://github.com/argnmp/sched-callback,3781,uncategorized,,2024,2024,low
1668607,facet-csv,https://github.com/facet-rs/facet-csv,11683,encoding,"encoding,parser-implementations",2025,2025,mid
166389,render,https://github.com/Schniz/render.rs,12554,template-engine,template-engine,2020,2020,mid
286020,rgx-lyon,https://github.com/khonsulabs/rgx-lyon,5053,graphics,graphics,2020,2020,mid
1735468,megacommerce-proto,https://github.com/ahmad-khatib0-org/megacommerce-proto,16515,api-bindings,"api-bindings,network-programming",2025,2025,mid
79589,imagepipe,https://github.com/pedrocr/imagepipe,107153,multimedia,multimedia::images,2022,2022,high
1516938,moq-async,https://github.com/kixelated/moq-rs,5048,multimedia,"multimedia,network-programming,web-programming",2025,2025,mid
197449,multiprint,https://github.com/carribus/rust-multiprint,5648,value-formatting,value-formatting,2020,2020,mid
187375,refinery_cli,https://github.com/rust-db/refinery,62544,uncategorized,,2025,2025,high
761410,bitcoin-addr,https://github.com/klebz/bitcoin-rs,20858,uncategorized,,2023,2023,mid
1671816,discrete_pid,https://github.com/Hs293Go/discrete_pid,596,aerospace,"aerospace::drones,embedded,mathematics,no-std,science::robotics",2025,2025,low
405978,cargo-distribute,https://github.com/fuyutarow/cargo-distribute.git,6859,uncategorized,,2021,2021,mid
342142,macos-app-nap,https://github.com/next-slide-please/macos-app-nap,3197,os,os::macos-apis,2021,2021,low
796398,nix-config-parser,https://github.com/DeterminateSystems/nix-config-parser,25168,uncategorized,,2023,2023,high
185007,natvis-pdbs,https://github.com/MaulingMonkey/natvis-pdbs,8452,development-tools,development-tools::debugging,2022,2022,mid
1152959,anyctx,https://github.com/nullchinchilla/anyctx,12759,uncategorized,,2024,2024,mid
860811,clickhouse-client,https://github.com/nlargueze/clickhouse-client,20621,uncategorized,,2023,2023,mid
1380347,oklch-color-picker,https://github.com/eero-lehtinen/oklch-color-picker,20139,visualization,visualization,2025,2025,mid
401117,sim_derive,https://github.com/ndebuhr/sim,14606,simulation,simulation,2024,2024,mid
1897024,wasmtime-rwasm-cranelift,https://github.com/fluentlabs-xyz/wasmtime,735,wasm,wasm,2025,2025,low
1329284,bbox-server,https://github.com/bbox-services/bbox,3541,science,science::geo,2024,2024,low
581986,glib-build-tools,https://github.com/gtk-rs/gtk-rs-core,245290,uncategorized,,2025,2025,high
923013,zkstd,https://github.com/KogarashiNetwork/Kogarashi/,24133,cryptography,cryptography,2023,2023,mid
77418,wasmtime-environ,https://github.com/bytecodealliance/wasmtime,16220274,wasm,wasm,2025,2025,high
1353781,command-unquoted,https://github.com/iliana/command-unquoted,1224,value-formatting,value-formatting,2024,2024,low
1776314,pallet-gear-eth-bridge-primitives,https://github.com/gear-tech/gear,2613,uncategorized,,2025,2025,low
221530,three-d,https://github.com/asny/three-d,212014,graphics,"graphics,rendering,visualization,wasm,web-programming",2025,2025,high
585647,nutek,https://github.com/NutekSecurity/nutek,9634,games,games,2025,2025,mid
74230,boolean-enums,https://github.com/dmnsafonov/boolean-enums,12161,no-std,"no-std,rust-patterns",2020,2020,mid
1695135,corevm-host,https://github.com/paritytech/polkajam.git,2771,uncategorized,,2025,2025,low
1252722,ensan,https://github.com/FyraLabs/ensan,5840,parser-implementations,"parser-implementations,parsing",2024,2024,mid
406416,plankton,https://github.com/coastalwhite/plankton,2768,algorithms,"algorithms,multimedia::images",2022,2022,low
901244,bulletproofs-plus,https://github.com/kayabaNerve/serai/tree/snarks/crypto/bulletproofs-plus,1992,uncategorized,,2023,2023,low
1629200,tauri-plugin-usagestats,https://github.com/jack-weilage/tauri-plugin-usagestats,1149,uncategorized,,2025,2025,low
756807,hypetrigger,https://github.com/nathanbabcock/hypetrigger,7317,computer-vision,"computer-vision,multimedia,wasm",2023,2023,mid
794291,pip-upgrade,https://github.com/Araxeus/pip-upgrade,6487,command-line-utilities,"command-line-utilities,development-tools",2024,2024,mid
85435,accepted,https://github.com/hatoo/Accepted,44546,text-editors,text-editors,2020,2020,high
343789,async-vfs,https://github.com/prabirshrestha/async-vfs,27048,uncategorized,,2023,2023,high
394689,aws-sdk-kinesisvideomedia,https://github.com/awslabs/aws-sdk-rust,137039,uncategorized,,2025,2025,high
294570,cargo-get,https://github.com/nicolaiunrein/cargo-get,212811,command-line-utilities,"command-line-utilities,config,development-tools,development-tools::cargo-plugins,parsing",2025,2025,high
1132935,hdf5-hl,https://github.com/Berrysoft/hdf5-ext,3189,data-structures,data-structures,2024,2024,low
130146,svg_fmt,https://github.com/nical/rust_debug,6950023,uncategorized,,2025,2025,high
1012764,markdown-table-formatter,https://github.com/jameslanska/markdown-table-formatter/,12537,text-editors,"text-editors,text-processing",2023,2023,mid
20530,tap,https://github.com/myrrlyn/tap,133070254,no-std,"no-std,rust-patterns",2021,2021,high
822850,komet,https://github.com/julianollivieira/komet,3926,email,email,2023,2023,low
1806400,bssh,https://github.com/lablup/bssh,3686,command-line-utilities,command-line-utilities,2025,2025,low
352035,unicode-prettytable,https://github.com/srithon/unicode-prettytable,5169,value-formatting,value-formatting,2021,2021,mid
1879785,es-fluent-manager-bevy,https://github.com/stayhydated/es-fluent,1098,uncategorized,,2025,2025,low
1689351,lemmy_db_views_community_follower,https://github.com/LemmyNet/lemmy,547,uncategorized,,2025,2025,low
1337746,daleth_lsp,https://github.com/txtdot/dalet-lsp,2216,command-line-utilities,command-line-utilities,2024,2024,low
1610575,tree-sitter-bos,https://github.com/chrisfloofykitsune/tree-sitter-bos,1239,parser-implementations,"parser-implementations,parsing,text-editors",2025,2025,low
1129030,bdk_wallet,https://github.com/bitcoindevkit/bdk_wallet,304385,uncategorized,,2025,2025,high
1761276,osrm-binding,https://github.com/mathias-vandaele/osrm-binding,2850,api-bindings,"api-bindings,external-ffi-bindings",2025,2025,low
342735,atomic-bitvec,https://github.com/nisamson/atomic-bitvec,3314,uncategorized,,2021,2021,low
1392669,shulkerbox,https://github.com/moritz-hoelting/shulkerbox,1453,compilers,"compilers,game-development",2024,2024,low
1140914,oxilib,https://github.com/DashieTM/OxiLib,4580,uncategorized,,2024,2024,low
1705726,cifly,https://github.com/mwien/CIfly,1833,algorithms,"algorithms,parser-implementations,science",2025,2025,low
1195614,simular-core,https://github.com/simular-fi/simular-core,5073,uncategorized,,2024,2024,mid
1775284,hiero-sdk,https://github.com/hiero-ledger/hiero-sdk-rust,1930,uncategorized,,2025,2025,low
1430566,pakka-gui,https://github.com/kruserr/pakka,1812,command-line-utilities,command-line-utilities,2024,2024,low
1422827,ydke_parser,https://github.com/Satellaa/ydke_parser,1818,games,"games,parser-implementations",2024,2024,low
1623245,dtf,https://github.com/sbruton/dtf,1299,uncategorized,,2025,2025,low
429399,miscreant-aes-v05,https://github.com/miscreant/miscreant.rs,1357,cryptography,"cryptography,no-std",2021,2021,low
1666243,yrs-warp-ws,https://github.com/icode/yrs-tokio,604,uncategorized,,2025,2025,low
1802392,stunt-router,https://github.com/proxin187/stunt,1306,gui,"gui,wasm,web-programming",2025,2025,low
430147,space-partitioning,https://github.com/sunsided/space-partitioning,6367,computer-vision,"computer-vision,game-development,graphics",2021,2021,mid
1516941,mu_uefi_guid,https://github.com/microsoft/mu_rust_helpers,13198,uncategorized,,2025,2025,mid
1146621,stemplate,https://github.com/intelligentnet/stemplate,16077,template-engine,template-engine,2024,2024,mid
403731,bevy-either,https://github.com/ocornoc/bevy_either,3060,uncategorized,,2021,2021,low
689411,openslide-rs,https://github.com/AzHicham/openslide-rs,81490,science,science,2025,2025,high
1140242,p12_q3,https://github.com/qthree/p12,5900,uncategorized,,2025,2025,mid
127508,tinysearch,https://github.com/mre/tinysearch,51092,uncategorized,,2025,2025,high
650661,static-router-macros,https://github.com/mattfbacon/static-router,8729,uncategorized,,2022,2022,mid
469224,inertia-macros,https://github.com/wjyoumans/inertia-macros,1687,uncategorized,,2021,2021,low
1659508,stupid-simple-kv,https://github.com/xyzshantaram/stupid-simple-kv,5376,caching,"caching,data-structures,database",2025,2025,mid
118135,ising_lib,https://github.com/micouy/ising_lib,5824,science,"science,simulation",2022,2022,mid
290481,holidays_se,https://github.com/nicrgren/holidays_se,9261,localization,localization,2022,2022,mid
775519,corewlan-sys,https://github.com/thisjaiden/corewlan-sys/,2771,external-ffi-bindings,"external-ffi-bindings,os,os::macos-apis",2023,2023,low
1593334,zyst,https://github.com/bourdeau/zyst/,1259,uncategorized,,2025,2025,low
658474,nject,https://github.com/nicolascotton/nject,19510,uncategorized,,2025,2025,mid
1142304,rsjson,https://github.com/ryzeon-dev/rsjson,29188,uncategorized,,2025,2025,high
866731,rethm,https://github.com/crepub/rethm,1509,uncategorized,,2023,2023,low
988507,pixel-game-lib,https://github.com/tversteeg/pixel-game-lib.git,31365,game-engines,"game-engines,games",2024,2024,high
265072,capbac,https://github.com/xapix-io/capbac,6592,uncategorized,,2020,2020,mid
156169,aml,https://github.com/rust-osdev/acpi,232927,hardware-support,"hardware-support,no-std",2023,2023,high
1582139,nlfmt-serve,https://github.com/nlfmt/serve,7233,command-line-utilities,command-line-utilities,2025,2025,mid
1286105,clap-maybe-deser,https://github.com/gluax/clap-maybe-deser,3652,uncategorized,,2024,2024,low
8519,pdf-canvas,https://github.com/kaj/rust-pdf,30706,graphics,graphics,2022,2022,high
1447233,markerml_middleend,https://github.com/rchuk/markerml,2973,compilers,"compilers,parser-implementations,template-engine,web-programming",2024,2024,low
1073486,html-datetime-local,https://github.com/tomsik68/html-datetime-local,1451,date-and-time,"date-and-time,parser-implementations",2023,2023,low
1581779,azure_communication_phonenumbers,https://github.com/azure/azure-sdk-for-rust,741,api-bindings,api-bindings,2025,2025,low
1365642,pubky,https://github.com/pubky/pubky-core,15294,authentication,"authentication,cryptography,network-programming,web-programming",2025,2025,mid
606755,hazmat-macros,https://github.com/str4d/hazmat,3401,rust-patterns,rust-patterns,2022,2022,low
1426092,RustQuant_instruments,https://github.com/avhz/RustQuant,5536,algorithms,"algorithms,finance,mathematics,science,simulation",2024,2024,mid
413816,nightwatch,https://github.com/mapkts/nightwatch,1613,uncategorized,,2021,2021,low
1059813,reqwest-retry-wasi,https://github.com/TrueLayer/reqwest-middleware,1788,web-programming,web-programming::http-client,2023,2023,low
1303457,zksync_tee_verifier,https://github.com/matter-labs/zksync-era,6766,cryptography,cryptography,2024,2024,mid
38950,bounds,https://github.com/fuchsnj/bounds,14508,uncategorized,,2023,2023,mid
1547668,pair,https://github.com/ijchen/pair,1430,data-structures,"data-structures,memory-management,no-std,rust-patterns",2025,2025,low
723649,lucid-arena-sys,https://github.com/sir-earl/lucid-arena-sys,1581,external-ffi-bindings,"external-ffi-bindings,hardware-support",2022,2022,low
774595,qiu,https://github.com/RustVis/qiu,1907,computer-vision,"computer-vision,graphics,rendering,visualization",2023,2023,low
887100,resolver_api,https://github.com/mbecker20/resolver_api,24640,uncategorized,,2024,2024,high
1631957,cabbage_collector,https://github.com/myyrakle/cabbage_collector,1784,uncategorized,,2025,2025,low
139454,qstorage,https://github.com/quasipaa/QStorage,1690,uncategorized,,2019,2024,low
1201534,maliput,https://github.com/maliput/maliput-rs,83147,simulation,simulation,2025,2025,high
531832,wg-toolkit,https://github.com/mindstorm38/wg-toolkit-rs,8229,data-structures,"data-structures,games,parsing",2024,2024,mid
751942,shura,https://github.com/AndriBaal/shura,20272,game-development,"game-development,game-engines,graphics,rendering::engine,wasm",2023,2023,mid
1475,i18n,https://github.com/andrew-johnson-4/i18n_wip,11256,uncategorized,,2019,2024,mid
1206340,aya-log-ebpf,https://github.com/aya-rs/aya,127846,uncategorized,,2024,2024,high
